tilegrp,tileid,mjd,expnum,exptime,stage,status,drpqual,drpver,dpos,object,obstime,std_mean_senb,std_mean_senr,std_mean_senz,sci_mean_senb,sci_mean_senr,sci_mean_senz,mod_mean_senb,mod_mean_senr,mod_mean_senz,fluxcal,sci_ra,sci_dec,sci_pa,sci_amass,sci_astsrc,sci_kmpos,sci_focpos,sci_alt,sci_sh_hght,sci_moon_sep,skye_ra,skye_dec,skye_pa,skye_amass,skye_astsrc,skye_kmpos,skye_focpos,skye_name,skye_alt,sci_skye_sep,skye_sh_hght,skye_moon_sep,skyw_ra,skyw_dec,skyw_pa,skyw_amass,skyw_astsrc,skyw_kmpos,skyw_focpos,skyw_name,skyw_alt,sci_skyw_sep,skyw_sh_hght,skyw_moon_sep,moon_ra,moon_dec,moon_phase,moon_fli,sun_alt,moon_alt,filename,location,agcam_location,calib_mjd,ra,dec,pa,NGCname,ra_icrs,dec_icrs,ra_g,dec_g
0011XX,11111,60181,3728,60.0,1,0,0,1.2.1,0,,2023-08-25T04:08:27.294,6.53108045381054e-14,3.34403816706826e-14,2.2367594790274e-14,8.1929240294801e-14,3.2436915418803e-14,2.33275163841658e-14,6.58657586208744e-14,3.28774550071881e-14,2.2178894853657e-14,SCI,337.410625,-20.837111,0.0,1.0329525387314447,CMD position,-50.98,36.03,75.4888,24300.62414,81.0249,321.613,-44.5432,0.0,1.0380609696055247,CMD position,-51.67,35.54,None,74.4367,27.0688,7093.90816,61.4439,333.511643,-23.250798,0.0,1.0159751544279059,CMD position,-49.12,36.37,None,79.8261,4.3455,19655.59968,76.7564,247.68765,-25.28263,98.47,0.5748,-69.9336,23.0426,lvmSFrame-00003728.fits,sdsswork/lvm/spectro/redux/1.2.1/0011XX/11111/60181/lvmSFrame-00003728.fits,sdsswork/data/agcam/lco/60181/coadds/lvm.sci.coadd_s00003728.fits,60177,337.410625,-20.837111,0.0,NGC7293,337.410625,-20.837111,36.16141839427528,-57.11837784310887
0011XX,11111,60212,5511,900.0,1,0,0,1.2.1,0,M33low,2023-09-25T05:06:15.072,5.93007048692439e-14,3.02534439526431e-14,2.05556555746302e-14,1.76820610076228e-14,8.67618680020169e-15,5.69117769931882e-15,5.97512503925962e-14,2.96177549279799e-14,2.01093253539199e-14,MOD,23.39818229004826,30.54888219142393,-0.13527164844496628,2.074315046871116,GDR coadd,-35.19,35.86,28.8218,11226.20684,92.2859,15.656696570206297,26.31406614505264,0.7110958729923272,1.7786333102469147,GDR coadd,-25.74,35.54,None,34.2101,8.014,15112.70013,84.2831,2.061657384431092,-34.65171483442845,0.8829175284037336,1.0105106155289973,GDR coadd,-43.48,36.53,None,81.729,68.2297,5378.71818,49.4528,305.80618,-24.23374,120.69,0.7561,-59.2906,33.695,lvmSFrame-00005511.fits,sdsswork/lvm/spectro/redux/1.2.1/0011XX/11111/60212/lvmSFrame-00005511.fits,sdsswork/data/agcam/lco/60212/coadds/lvm.sci.coadd_s00005511.fits,60177,23.39818229004826,30.54888219142393,-0.13527164844496628,NGC598,23.39818229004826,30.54888219142393,133.5719037786825,-31.450434227404184
0011XX,11111,60212,5512,900.0,1,0,0,1.2.1,0,M33up,2023-09-25T05:25:45.401,5.99772467006151e-14,3.04360850168285e-14,2.06212993933213e-14,4.91504625572159e-14,2.74449802724803e-14,1.76687292857333e-14,6.05311632425325e-14,2.97436710997497e-14,2.02043629876764e-14,MOD,23.518731309869295,30.729483505260426,-0.10601865142333082,2.032146993269767,GDR coadd,-28.9,35.64,29.4781,10554.07581,92.2832,15.656702697400602,26.3140256502294,0.71438010568845,1.764376042326075,GDR coadd,-19.7,35.54,None,34.5255,8.1947,14402.26503,84.1059,21.018611554026393,-22.927009187961154,0.8522601861952864,1.0116466995254967,GDR coadd,-47.21,36.43,None,81.2975,53.7101,5937.12904,67.8884,305.98274,-24.15686,120.85,0.7573,-57.8181,29.6356,lvmSFrame-00005512.fits,sdsswork/lvm/spectro/redux/1.2.1/0011XX/11111/60212/lvmSFrame-00005512.fits,sdsswork/data/agcam/lco/60212/coadds/lvm.sci.coadd_s00005512.fits,60177,23.518731309869295,30.729483505260426,-0.10601865142333082,NGC598,23.518731309869295,30.729483505260426,133.650566891124,-31.253300300343422
1028XX,1028740,60212,5516,900.0,1,0,0,1.2.1,0,tile_id=1000992,2023-09-25T06:42:05.020,6.06701124770146e-14,3.04395731287375e-14,2.06755854806809e-14,5.78778807157897e-14,2.94497858531083e-14,1.95907797812461e-14,6.11351304024939e-14,2.9782550232083e-14,2.02897209342673e-14,MOD,83.67986817296509,-2.9728164611322665,-62.315579083620996,1.7162279335018604,GDR coadd,-44.85,35.64,35.6388,1747.24529,130.2762,85.80006113786384,-1.2738131030737214,1.641667793992436,1.839480772096007,GDR coadd,-77.21,35.54,grid125,32.9312,2.7158,1692.74241,132.9863,21.018604087550425,-22.92711728774687,0.8935429737042179,1.0251579591532445,GDR coadd,-33.92,36.43,WHAM_south_02,77.2804,63.7298,3993.83211,67.3164,306.73231,-23.84795,121.55,0.7625,-47.3957,14.0789,lvmSFrame-00005516.fits,sdsswork/lvm/spectro/redux/1.2.1/1028XX/1028740/60212/lvmSFrame-00005516.fits,sdsswork/data/agcam/lco/60212/coadds/lvm.sci.coadd_s00005516.fits,60177,83.67986817296509,-2.9728164611322665,-62.315579083620996,NGC2024,83.67986817296509,-2.9728164611322665,-153.32687825170817,-18.39964078184586
1028XX,1028771,60212,5517,900.0,1,0,0,1.2.1,0,tile_id=1001023,2023-09-25T06:58:26.561,6.09848989131285e-14,3.06285613881616e-14,2.07051144035169e-14,5.77697734564832e-14,2.98935703008143e-14,1.99034391529441e-14,6.14154558768132e-14,3.00791243468167e-14,2.03541926256111e-14,MOD,84.10129735923466,-2.989532409608087,-62.300631372450205,1.6005217403837624,GDR coadd,-41.84,35.64,38.6672,1576.37435,130.4996,21.018625340113736,-22.927160293759528,1.19411531721776,1.0404647905694326,GDR coadd,-31.51,35.54,WHAM_south_02,73.9683,64.1071,3529.19727,67.1827,85.80024123733176,-1.274002349208489,1.3002086572346248,1.6896761094468224,GDR coadd,-73.62,36.43,grid125,36.2869,2.4136,1540.16421,132.8742,306.90545,-23.78084,121.71,0.7637,-44.5221,10.8298,lvmSFrame-00005517.fits,sdsswork/lvm/spectro/redux/1.2.1/1028XX/1028771/60212/lvmSFrame-00005517.fits,sdsswork/data/agcam/lco/60212/coadds/lvm.sci.coadd_s00005517.fits,60177,84.10129735923466,-2.989532409608087,-62.300631372450205,NGC2024,84.10129735923466,-2.989532409608087,-153.10589889843854,-18.034480190315268
1028XX,1028769,60212,5518,900.0,1,0,0,1.2.1,0,tile_id=1001021,2023-09-25T07:17:01.209,6.05141814128173e-14,3.0517502273426e-14,2.06359505575814e-14,5.91014477510148e-14,3.1249360587306e-14,2.06193420067206e-14,6.10521385788399e-14,3.00375180730991e-14,2.02885367798827e-14,MOD,83.70894730100397,-2.243950400833678,-62.31858592996542,1.4871944385496312,GDR coadd,-37.44,35.64,42.2531,1396.17588,130.4692,85.800328,-1.27412,0.0,1.555349402027345,CMD position,-69.92,35.54,grid125,40.0116,2.3044,1358.46869,132.7418,21.01857771173382,-22.927097892171126,0.9441402687502441,1.0638118754559351,GDR coadd,-28.42,36.43,WHAM_south_02,70.0542,64.0566,3001.21508,67.0261,307.10745,-23.70454,121.89,0.765,-41.0891,7.1853,lvmSFrame-00005518.fits,sdsswork/lvm/spectro/redux/1.2.1/1028XX/1028769/60212/lvmSFrame-00005518.fits,sdsswork/data/agcam/lco/60212/coadds/lvm.sci.coadd_s00005518.fits,60177,83.70894730100397,-2.243950400833678,-62.31858592996542,NGC2024,83.70894730100397,-2.243950400833678,-153.99174426234512,-18.034611389006958
1028XX,1028799,60212,5519,900.0,1,0,0,1.2.1,0,tile_id=1001051,2023-09-25T07:34:01.124,6.11371737361241e-14,3.06774112816709e-14,2.07833650117325e-14,5.70312281739392e-14,2.9685281880467e-14,1.99245233685606e-14,6.16405399167628e-14,3.01479101597745e-14,2.04096152540462e-14,MOD,83.93395197541096,-1.8878234531552973,-62.317195923422126,1.410932681205243,GDR coadd,-33.88,35.64,45.1334,1214.77728,130.7276,85.80030616748012,-1.274053761070708,1.4878327640920654,1.457596230376907,GDR coadd,-66.28,35.54,grid125,43.3191,1.964,1187.56773,132.616,21.01854427917144,-22.926988894076477,0.9809276532742758,1.0912735873134969,GDR coadd,-25.9,36.43,WHAM_south_02,66.3997,64.4091,2527.73033,66.8782,307.29724,-23.6348,122.07,0.7663,-37.8202,3.8972,lvmSFrame-00005519.fits,sdsswork/lvm/spectro/redux/1.2.1/1028XX/1028799/60212/lvmSFrame-00005519.fits,sdsswork/data/agcam/lco/60212/coadds/lvm.sci.coadd_s00005519.fits,60177,83.93395197541096,-1.8878234531552973,-62.317195923422126,NGC2024,83.93395197541096,-1.8878234531552973,-154.2119397030384,-17.66929187621802
1028XX,1028832,60212,5520,900.0,1,0,0,1.2.1,0,tile_id=1001084,2023-09-25T07:50:41.762,6.10216969951945e-14,3.06289607097212e-14,2.07744864445891e-14,5.83782731182551e-14,3.01252873114248e-14,2.02581019601658e-14,6.16124929188962e-14,3.00569207957579e-14,2.04269340920361e-14,MOD,84.74764729789173,-2.649830224830048,-62.273649274914774,1.3423905456269631,GDR coadd,-31.2,35.64,48.1539,1029.84435,130.8422,85.80031728330054,-1.2740518678895478,1.4384507579247892,1.3798101315775295,GDR coadd,-62.66,35.54,grid125,46.447,1.7319,1018.83389,132.4882,21.018548508720777,-22.926992943810806,1.0090272985509599,1.1245582547862216,GDR coadd,-23.53,36.43,WHAM_south_02,62.7777,64.8351,2081.74902,66.729,307.48799,-23.56657,122.24,0.7676,-34.5174,0.7194,lvmSFrame-00005520.fits,sdsswork/lvm/spectro/redux/1.2.1/1028XX/1028832/60212/lvmSFrame-00005520.fits,sdsswork/data/agcam/lco/60212/coadds/lvm.sci.coadd_s00005520.fits,60177,84.74764729789173,-2.649830224830048,-62.273649274914774,NGC2024,84.74764729789173,-2.649830224830048,-153.1078206078187,-17.304993897496026
1028XX,1028831,60212,5521,900.0,1,0,0,1.2.1,0,tile_id=1001083,2023-09-25T08:07:20.973,6.14929512570569e-14,3.0771449134472e-14,2.08675686498173e-14,5.4154625260911e-14,2.92246486596707e-14,2.03415562409134e-14,6.19903604410098e-14,3.01984341274002e-14,2.05099786767778e-14,MOD,84.55128124408729,-2.277149001638473,-62.27271629514568,1.2865131028151897,GDR coadd,-27.31,35.64,51.0136,862.85147,130.76,70.85954739044027,-56.128033564372586,1.628875111946966,1.1471481619766462,GDR coadd,-68.91,35.54,WHAM_south_08,60.6599,54.9659,890.01316,87.0558,85.80028228462066,-1.2740385451295495,1.112904528054978,1.3165397872851308,GDR coadd,-58.8,36.43,grid125,49.426,1.6015,852.60559,132.3561,307.68289,-23.49873,122.42,0.7689,-31.1422,-2.4012,lvmSFrame-00005521.fits,sdsswork/lvm/spectro/redux/1.2.1/1028XX/1028831/60212/lvmSFrame-00005521.fits,sdsswork/data/agcam/lco/60212/coadds/lvm.sci.coadd_s00005521.fits,60177,84.55128124408729,-2.277149001638473,-62.27271629514568,NGC2024,84.55128124408729,-2.277149001638473,-153.54895341069687,-17.305551536176434
1028XX,1028830,60212,5522,900.0,1,0,0,1.2.1,0,tile_id=1001082,2023-09-25T08:24:00.053,6.08315555819565e-14,3.08914359536338e-14,2.08092439626861e-14,5.56960726598133e-14,2.96545039953348e-14,1.99453458130336e-14,6.12354428029214e-14,3.03654578820923e-14,2.05029147116865e-14,MOD,84.35504496195196,-1.9044820002635205,-62.308947125349846,1.2418951063403583,GDR coadd,-23.41,35.64,53.6316,700.90147,130.6682,70.85951171468392,-56.12799273537784,1.6329317734121436,1.136051148649844,GDR coadd,-66.33,35.54,WHAM_south_08,61.6716,55.3025,720.1785,87.03,85.80027280237724,-1.2740987525192313,1.0679710677531682,1.2651522690935912,GDR coadd,-55.12,36.43,grid125,52.2247,1.5762,692.10576,132.2197,307.88206,-23.4313,122.61,0.7703,-27.7045,-5.4631,lvmSFrame-00005522.fits,sdsswork/lvm/spectro/redux/1.2.1/1028XX/1028830/60212/lvmSFrame-00005522.fits,sdsswork/data/agcam/lco/60212/coadds/lvm.sci.coadd_s00005522.fits,60177,84.35504496195196,-1.9044820002635205,-62.308947125349846,NGC2024,84.35504496195196,-1.9044820002635205,-153.9900348732208,-17.30513880685853
1028XX,1028739,60212,5523,900.0,1,0,0,1.2.1,0,tile_id=1000991,2023-09-25T08:41:13.003,6.15370930835471e-14,3.08130877359628e-14,2.08533128724554e-14,5.61122411381657e-14,2.92142028516498e-14,1.90698476453413e-14,6.18618349569896e-14,3.03795586523268e-14,2.05149335884593e-14,MOD,83.48382446505495,-2.600005508507912,-62.3568759628698,1.1884621112615954,GDR coadd,-19.02,35.64,57.2907,545.23463,129.4122,85.80027957292229,-1.2740634829123292,1.3281763182988933,1.2225474574992927,GDR coadd,-51.51,35.54,grid125,54.8815,2.6679,535.91504,132.0743,70.85952566130122,-56.128038464872624,1.2046160337726621,1.128184884716255,GDR coadd,-63.49,36.43,WHAM_south_08,62.4218,54.4813,555.45914,87.0006,308.0924,-23.36213,122.8,0.7717,-24.0965,-8.5607,lvmSFrame-00005523.fits,sdsswork/lvm/spectro/redux/1.2.1/1028XX/1028739/60212/lvmSFrame-00005523.fits,sdsswork/data/agcam/lco/60212/coadds/lvm.sci.coadd_s00005523.fits,60177,83.48382446505495,-2.600005508507912,-62.3568759628698,NGC2024,83.48382446505495,-2.600005508507912,-153.77067191728787,-18.399670937348095
0011XX,11111,60222,6112,900.0,1,0,0,1.2.1,0,Rosette,2023-10-05T07:45:57.566,6.05157564052397e-14,3.04909600433756e-14,2.05095004924591e-14,6.18825449850643e-14,3.04994136448124e-14,2.04905703922007e-14,6.11265286793209e-14,3.00837524475179e-14,2.04435992047405e-14,MOD,98.0225659276654,4.903134770610664,0.5109805115373661,1.5682546981343473,GDR coadd,-64.98,35.44,39.6169,890.83656,26.0203,70.85955346164687,-56.12813713959679,2.1556199264034372,1.1353521853670423,GDR coadd,-66.13,35.15,None,61.7371,64.9702,967.91991,86.0981,100.17873742113203,8.96711609763449,1.1439245882652755,1.7336953240816606,GDR coadd,-65.44,36.07,None,35.226,4.593,872.19102,23.2888,87.23801,28.83123,256.15,0.6209,-32.4241,26.2247,lvmSFrame-00006112.fits,sdsswork/lvm/spectro/redux/1.2.1/0011XX/11111/60222/lvmSFrame-00006112.fits,sdsswork/data/agcam/lco/60222/coadds/lvm.sci.coadd_s00006112.fits,60177,98.0225659276654,4.903134770610664,0.5109805115373661,NGC2237,98.0225659276654,4.903134770610664,-153.63995869379386,-2.0513643579611873
0011XX,11111,60222,6113,900.0,1,0,0,1.2.1,0,Rosette,2023-10-05T08:03:00.083,6.03987135574353e-14,3.05861482337468e-14,2.04704447987039e-14,6.70264289110912e-14,3.02924466034297e-14,2.1178684189909e-14,6.07822694074793e-14,3.01409937105624e-14,2.03439640527728e-14,MOD,98.21719980098936,4.529618243226223,0.46745390862374847,1.4742584544546702,GDR coadd,-61.41,35.44,42.7115,735.22083,26.4188,100.17864865504718,8.967205878996042,1.2475758296616446,1.6202590365278218,GDR coadd,-61.79,35.15,None,38.1109,4.8461,723.36235,23.254,70.85952126451659,-56.12805388426372,1.0528947742197183,1.1278092249033722,GDR coadd,-63.32,36.07,None,62.4583,64.6665,795.68508,86.1345,87.34603,28.85302,256.23,0.6202,-29.0729,27.7742,lvmSFrame-00006113.fits,sdsswork/lvm/spectro/redux/1.2.1/0011XX/11111/60222/lvmSFrame-00006113.fits,sdsswork/data/agcam/lco/60222/coadds/lvm.sci.coadd_s00006113.fits,60177,98.21719980098936,4.529618243226223,0.46745390862374847,NGC2237,98.21719980098936,4.529618243226223,-153.21880794669687,-2.0513193003935832
0011XX,11111,60222,6114,900.0,1,0,0,1.2.1,0,Rosette,2023-10-05T08:19:56.495,6.06980458124239e-14,3.05905327933928e-14,2.04152145978673e-14,5.76549397013974e-14,2.84272051698497e-14,1.92279925117366e-14,6.13072542129508e-14,3.01253217479755e-14,2.03163258351236e-14,MOD,98.2500959245244,5.258060732119359,0.4273840535438693,1.4166468165905575,GDR coadd,-57.41,35.44,44.9017,588.59657,25.7341,70.85946223369412,-56.12803640140768,2.1673123491805217,1.1237681442825596,GDR coadd,-60.99,35.15,None,62.8561,65.3745,631.95078,86.1685,100.17873597035579,8.967110033317612,1.0261149307343425,1.5301914278231241,GDR coadd,-57.65,36.07,None,40.807,4.1735,580.05573,23.2194,87.45139,28.8726,256.31,0.6195,-25.6634,29.0981,lvmSFrame-00006114.fits,sdsswork/lvm/spectro/redux/1.2.1/0011XX/11111/60222/lvmSFrame-00006114.fits,sdsswork/data/agcam/lco/60222/coadds/lvm.sci.coadd_s00006114.fits,60177,98.2500959245244,5.258060732119359,0.4273840535438693,NGC2237,98.2500959245244,5.258060732119359,-153.85058403412094,-1.6866446339671204
0011XX,11111,60222,6115,900.0,1,0,0,1.2.1,0,Rosette,2023-10-05T08:36:59.418,6.19839806952001e-14,3.11882530953252e-14,2.08885241694984e-14,6.22477356231289e-14,3.11017254056022e-14,2.04905597268487e-14,6.25306305774086e-14,3.08285553690633e-14,2.07730890269804e-14,MOD,98.44480021448713,4.884394679529306,0.3809552872030566,1.3530737653492908,GDR coadd,-53.75,35.44,47.6512,448.95153,26.13,70.85952104440925,-56.127923535510845,2.1821474675065424,1.1231274539403688,GDR coadd,-58.48,35.15,None,62.9199,65.071,478.86824,86.2003,100.17878524832392,8.967058128397625,0.9561539114255986,1.4576581474928438,GDR coadd,-53.62,36.07,None,43.3168,4.4306,444.21716,23.1838,87.55574,28.89017,256.39,0.6189,-22.1665,30.1978,lvmSFrame-00006115.fits,sdsswork/lvm/spectro/redux/1.2.1/0011XX/11111/60222/lvmSFrame-00006115.fits,sdsswork/data/agcam/lco/60222/coadds/lvm.sci.coadd_s00006115.fits,60177,98.44480021448713,4.884394679529306,0.3809552872030566,NGC2237,98.44480021448713,4.884394679529306,-153.42940306538705,-1.6866053166308732
0011XX,11111,60222,6116,900.0,1,0,0,1.2.1,0,Rosette,2023-10-05T08:54:17.135,6.10680494713453e-14,3.08603002794448e-14,2.06689445243215e-14,5.95161656273481e-14,3.05362561490403e-14,2.0696351522387e-14,6.17109306538633e-14,3.04844886742632e-14,2.05878713722499e-14,MOD,98.4375083846464,4.998318268956398,0.3418224830156865,1.3070307893085928,GDR coadd,-49.68,35.44,49.9153,321.6942,25.9967,70.85956206893684,-56.12795810867711,2.1960086848186378,1.1259838309364456,GDR coadd,-55.98,35.15,None,62.637,65.1782,339.72105,86.2304,100.1787873567132,8.96705803686285,0.8961020734646312,1.3992022488019895,GDR coadd,-49.47,36.07,None,45.618,4.3286,318.86719,23.1469,87.66022,28.90573,256.47,0.6182,-18.5634,31.061,lvmSFrame-00006116.fits,sdsswork/lvm/spectro/redux/1.2.1/0011XX/11111/60222/lvmSFrame-00006116.fits,sdsswork/data/agcam/lco/60222/coadds/lvm.sci.coadd_s00006116.fits,60177,98.4375083846464,4.998318268956398,0.3418224830156865,NGC2237,98.4375083846464,4.998318268956398,-153.53392367157426,-1.6406051930390029
0011XX,11111,60228,6445,900.0,1,0,0,1.2.1,0,Rosette,2023-10-11T07:03:51.427,6.198347656461e-14,3.09250710146083e-14,2.0657761248087e-14,5.92776875842259e-14,3.00059350917316e-14,1.98887838338144e-14,6.24037380616304e-14,3.03742186798611e-14,2.03737101757636e-14,MOD,97.17799473199791,4.9395294172548425,0.5237579830702158,1.6676620650758454,GDR coadd,-68.32,36.19,36.8443,1292.89984,65.2369,100.17868183163964,8.967234251862134,1.4532876122531764,1.8909671709168994,GDR coadd,-69.76,35.74,None,31.9264,5.0091,1254.02873,61.6058,70.85948422536953,-56.1279977244036,1.0499277259976372,1.1476141361193666,GDR coadd,-68.8,36.63,None,60.6186,64.772,1298.65875,101.0888,162.88197,12.03289,322.03,0.1063,-38.3257,-21.6423,lvmSFrame-00006445.fits,sdsswork/lvm/spectro/redux/1.2.1/0011XX/11111/60228/lvmSFrame-00006445.fits,sdsswork/data/agcam/lco/60228/coadds/lvm.sci.coadd_s00006445.fits,60177,97.17799473199791,4.9395294172548425,0.5237579830702158,NGC2237,97.17799473199791,4.9395294172548425,-154.06113309615412,-2.780956827496765
0011XX,11111,60228,6446,900.0,1,0,0,1.2.1,0,Rosette,2023-10-11T07:20:54.804,6.31244746387073e-14,3.15189412248124e-14,2.09871739390794e-14,6.06014160462165e-14,3.05093572879617e-14,2.03133297726824e-14,6.38256989786348e-14,3.10219913434722e-14,2.09439023176805e-14,MOD,97.37309698857833,4.5663512212705415,0.4506549820505532,1.5539682080108326,GDR coadd,-64.79,36.19,40.0543,1116.65775,65.2595,100.1787356814197,8.967153571431668,1.396745671219413,1.744667192749664,GDR coadd,-65.98,35.74,None,34.9719,5.2082,1089.97532,61.7509,70.85950363841512,-56.12800662839769,1.0784175896970425,1.1361634996528736,GDR coadd,-66.15,36.63,None,61.6611,64.4665,1129.95284,101.1281,163.02725,11.98278,322.17,0.1056,-35.3079,-18.0122,lvmSFrame-00006446.fits,sdsswork/lvm/spectro/redux/1.2.1/0011XX/11111/60228/lvmSFrame-00006446.fits,sdsswork/data/agcam/lco/60228/coadds/lvm.sci.coadd_s00006446.fits,60177,97.37309698857833,4.5663512212705415,0.4506549820505532,NGC2237,97.37309698857833,4.5663512212705415,-153.6398455743478,-2.7809929360374355
0011XX,11111,60228,6447,900.0,1,0,0,1.2.1,0,Rosette,2023-10-11T07:37:55.350,6.19691685606596e-14,3.07768542330695e-14,2.06890938399536e-14,5.94558585318769e-14,3.13352395836329e-14,2.08761323792612e-14,6.24911851157725e-14,3.03629199355295e-14,2.05208997318167e-14,MOD,97.56784138701764,4.19320238344207,0.4194979452921736,1.4623302432911405,GDR coadd,-61.23,36.19,43.1445,943.3032,65.2783,70.85954782956641,-56.12810776528967,1.4050671204512883,1.1283318554096946,GDR coadd,-63.76,35.74,None,62.4075,64.1619,960.08669,101.1652,100.17873778414595,8.967086557956167,1.0894576851767994,1.6291871020147135,GDR coadd,-61.92,36.63,None,37.865,5.4326,925.91101,61.8917,163.16803,11.93285,322.3,0.1049,-32.1687,-14.3963,lvmSFrame-00006447.fits,sdsswork/lvm/spectro/redux/1.2.1/0011XX/11111/60228/lvmSFrame-00006447.fits,sdsswork/data/agcam/lco/60228/coadds/lvm.sci.coadd_s00006447.fits,60177,97.56784138701764,4.19320238344207,0.4194979452921736,NGC2237,97.56784138701764,4.19320238344207,-153.21870232414898,-2.7809782132644063
0011XX,11111,60228,6448,900.0,1,0,0,1.2.1,0,Rosette,2023-10-11T07:55:06.503,6.27157100590243e-14,3.12506139030659e-14,2.09969466060572e-14,6.25214930196789e-14,2.87336638392076e-14,2.07211200040754e-14,6.32319652267923e-14,3.09777466352639e-14,2.08979516054666e-14,MOD,97.40494094066365,5.294533783673413,0.3725811250216837,1.409241673788974,GDR coadd,-56.91,36.19,45.2025,779.25398,65.3636,70.8595233581514,-56.12802523781847,1.425695676421933,1.123951482848571,GDR coadd,-61.17,35.74,None,62.8378,65.1754,790.87548,101.2003,100.17874652360592,8.967066685010154,1.0376078734885128,1.5361530995227395,GDR coadd,-57.94,36.63,None,40.6153,4.5891,763.21234,62.0299,163.30606,11.88239,322.44,0.1042,-28.8868,-10.7506,lvmSFrame-00006448.fits,sdsswork/lvm/spectro/redux/1.2.1/0011XX/11111/60228/lvmSFrame-00006448.fits,sdsswork/data/agcam/lco/60228/coadds/lvm.sci.coadd_s00006448.fits,60177,97.40494094066365,5.294533783673413,0.3725811250216837,NGC2237,97.40494094066365,5.294533783673413,-154.27162442068067,-2.416392110774677
0011XX,11111,60228,6449,900.0,1,0,0,1.2.1,0,Rosette,2023-10-11T08:12:15.443,6.24768357018024e-14,3.1340428713056e-14,2.08908551918251e-14,6.08445127783755e-14,3.15120533990133e-14,2.08370064357542e-14,6.29922270840454e-14,3.08453713859683e-14,2.07527461494448e-14,MOD,97.98952369988031,4.17469847242214,0.3284876933358011,1.3387821040727605,GDR coadd,-53.78,36.19,48.3267,614.2024,65.1334,70.85952269569647,-56.128003936154165,1.4285006790418764,1.123066069334783,GDR coadd,-58.64,35.74,None,62.926,64.2619,628.69303,101.2329,100.178796546645,8.9670497446809,0.975362654813648,1.4620340003148453,GDR coadd,-53.89,36.63,None,43.1553,5.2625,607.6465,62.1636,163.43951,11.83196,322.56,0.1035,-25.5194,-7.1245,lvmSFrame-00006449.fits,sdsswork/lvm/spectro/redux/1.2.1/0011XX/11111/60228/lvmSFrame-00006449.fits,sdsswork/data/agcam/lco/60228/coadds/lvm.sci.coadd_s00006449.fits,60177,97.98952369988031,4.17469847242214,0.3284876933358011,NGC2237,97.98952369988031,4.17469847242214,-153.00819007187488,-2.4163034429359174
0011XX,11111,60228,6450,900.0,1,0,0,1.2.1,0,Rosette,2023-10-11T08:29:33.790,6.25203124844573e-14,3.11256753090312e-14,2.07870067681201e-14,6.04005809565206e-14,3.09955817786282e-14,2.05428095799005e-14,6.28908541487665e-14,3.07251160362109e-14,2.06992834829231e-14,SCI,97.63206311474393,5.649719683851216,0.2818518584910771,1.3129097597509738,GDR coadd,-49.0,36.19,49.6114,468.08593,65.3357,100.1787533913046,8.967161814067925,1.1520515068485528,1.402625010408077,GDR coadd,-49.96,35.74,None,45.4754,4.1694,461.37013,62.2944,70.85944197316567,-56.128058345547394,1.1012057495789644,1.125690897729843,GDR coadd,-55.93,36.63,None,62.6658,65.5791,476.13663,101.2634,163.56982,11.78093,322.69,0.1028,-22.0427,-3.4811,lvmSFrame-00006450.fits,sdsswork/lvm/spectro/redux/1.2.1/0011XX/11111/60228/lvmSFrame-00006450.fits,sdsswork/data/agcam/lco/60228/coadds/lvm.sci.coadd_s00006450.fits,60177,97.63206311474393,5.649719683851216,0.2818518584910771,NGC2237,97.63206311474393,5.649719683851216,-154.48227621656218,-2.051747572796427
1028XX,1028800,60255,7328,900.0,1,0,0,1.2.1,0,tile_id=1028800,2023-11-07T04:00:47.219,6.1442853051641e-14,3.06851388722243e-14,2.06830318451617e-14,5.41394719253291e-14,2.86603190552363e-14,1.90391754368776e-14,6.17248233164947e-14,3.01193159369217e-14,2.03662605832826e-14,MOD,84.13008804234447,-2.2606008101367774,62.21148928491692,1.6826739033463725,GDR coadd,-105.77,35.98,36.4622,3794.09267,74.8731,21.018597736619466,-22.92698993463922,1.0131163430596484,1.0318336729805915,GDR coadd,-32.87,35.78,WHAM_south_02,75.7308,64.4327,2641.00158,138.3694,85.80033893684127,-1.2740609855325844,1.1539884766695518,1.7642007001607891,GDR coadd,-75.41,36.56,grid125,34.5294,1.9391,3792.58914,73.002,157.9034,14.22958,290.09,0.3295,-44.3852,-35.121,lvmSFrame-00007328.fits,sdsswork/lvm/spectro/redux/1.2.1/1028XX/1028800/60255/lvmSFrame-00007328.fits,sdsswork/data/agcam/lco/60255/coadds/lvm.sci.coadd_s00007328.fits,60255,84.13008804234447,-2.2606008101367774,62.21148928491692,NGC2024,84.13008804234447,-2.2606008101367774,-153.7699197713226,-17.67021948261195
1028XX,1028770,60255,7329,900.0,1,0,0,1.2.1,0,tile_id=1028770,2023-11-07T04:18:19.194,6.18725671044708e-14,3.09539734003449e-14,2.08245553060128e-14,5.85781707520931e-14,3.05491818911971e-14,2.10578080607598e-14,6.2195132491644e-14,3.0402940658676e-14,2.05423797550209e-14,MOD,83.9050683643544,-2.6167327593259593,62.238417106223714,1.542603894391494,GDR coadd,-102.03,35.98,40.4101,3595.30472,75.3378,85.80020326559278,-1.274011425362475,1.3857682421724447,1.6210297668560492,GDR coadd,-71.96,35.78,grid125,38.0895,2.3217,3607.75547,73.1563,21.018593665651018,-22.9270682499569,0.7354009545892352,1.0508716535368505,GDR coadd,-29.9,36.56,WHAM_south_02,72.0994,64.0811,2724.47198,138.5054,158.0683,14.18166,290.24,0.3282,-44.761,-31.4027,lvmSFrame-00007329.fits,sdsswork/lvm/spectro/redux/1.2.1/1028XX/1028770/60255/lvmSFrame-00007329.fits,sdsswork/data/agcam/lco/60255/coadds/lvm.sci.coadd_s00007329.fits,60255,83.9050683643544,-2.6167327593259593,62.238417106223714,NGC2024,83.9050683643544,-2.6167327593259593,-153.54884158823953,-18.035034768014015
1028XX,1028828,60255,7331,900.0,1,0,0,1.2.1,0,tile_id=1028828,2023-11-07T04:52:58.041,6.15349178037869e-14,3.07521419841028e-14,2.07310120569948e-14,5.42507374431946e-14,2.94553407270387e-14,1.98520448836852e-14,6.20021226005537e-14,3.02266821692164e-14,2.04951739912828e-14,MOD,83.96283224166056,-1.158931880549824,62.226045025216806,1.3874115604453487,GDR coadd,-94.37,35.98,46.1178,3284.91585,75.1946,85.8002155590701,-1.2740170082425673,1.2887679762181077,1.4182916315204048,GDR coadd,-64.55,35.78,grid125,44.8355,1.8406,3188.73768,73.45,21.018575994687936,-22.927049631292142,0.8029797050326977,1.1064258919771475,GDR coadd,-24.75,36.56,WHAM_south_02,64.6636,64.7406,2788.0089,138.7636,158.38237,14.08788,290.53,0.3258,-44.3428,-24.0438,lvmSFrame-00007331.fits,sdsswork/lvm/spectro/redux/1.2.1/1028XX/1028828/60255/lvmSFrame-00007331.fits,sdsswork/data/agcam/lco/60255/coadds/lvm.sci.coadd_s00007331.fits,60255,83.96283224166056,-1.158931880549824,62.226045025216806,NGC2024,83.96283224166056,-1.158931880549824,-154.87231133302285,-17.301328808947183
1028XX,1028893,60255,7332,900.0,1,0,0,1.2.1,0,tile_id=1028893,2023-11-07T05:09:49.049,6.14939313813642e-14,3.09096592644008e-14,2.07523895224072e-14,5.7112855435346e-14,2.90100354633356e-14,2.12488524441585e-14,6.20898695490173e-14,3.03939327402162e-14,2.05732690711331e-14,MOD,85.39364081172556,-2.3097729880005193,62.158924921840466,1.3261632178726643,GDR coadd,-92.18,35.98,48.9429,2922.65048,74.2505,21.018538764870208,-22.927079881633034,1.1166596956916943,1.1434354984702209,GDR coadd,-22.62,35.78,WHAM_south_02,60.9926,65.5632,2768.06326,138.8837,85.80027393321654,-1.2740378114047821,0.9690576246469326,1.3471385810847027,GDR coadd,-60.67,36.56,grid125,47.9289,1.1126,2962.68987,73.5873,158.52918,14.04258,290.67,0.3247,-43.5921,-20.4673,lvmSFrame-00007332.fits,sdsswork/lvm/spectro/redux/1.2.1/1028XX/1028893/60255/lvmSFrame-00007332.fits,sdsswork/data/agcam/lco/60255/coadds/lvm.sci.coadd_s00007332.fits,60255,85.39364081172556,-2.3097729880005193,62.158924921840466,NGC2024,85.39364081172556,-2.3097729880005193,-153.1097450238337,-16.575500445293407
1028XX,1028892,60255,7333,900.0,1,0,0,1.2.1,0,tile_id=1028892,2023-11-07T05:50:06.245,6.16874450988605e-14,3.1099462325194e-14,2.08325729669997e-14,5.37832701192746e-14,2.71566357861679e-14,1.86325925459283e-14,6.22596273867226e-14,3.02923567950809e-14,2.05373240304007e-14,MOD,85.19717115791019,-1.9372216001019678,62.15223441204688,1.2138590628651245,GDR coadd,-83.08,35.7,55.4689,2374.67439,74.6536,70.85954201197374,-56.12801958358047,1.4391303994539024,1.1289641682738731,GDR coadd,-64.01,35.23,WHAM_south_08,62.3461,55.4073,1432.08131,100.4342,85.80029791398118,-1.2740335749918847,0.8682957232381933,1.2271375879419029,GDR coadd,-51.76,36.28,grid125,54.5779,0.8963,2379.97353,73.9,158.86377,13.93458,290.98,0.3222,-40.4707,-11.9475,lvmSFrame-00007333.fits,sdsswork/lvm/spectro/redux/1.2.1/1028XX/1028892/60255/lvmSFrame-00007333.fits,sdsswork/data/agcam/lco/60255/coadds/lvm.sci.coadd_s00007333.fits,60255,85.19717115791019,-1.9372216001019678,62.15223441204688,NGC2024,85.19717115791019,-1.9372216001019678,-153.54912348840705,-16.57605913956013
1028XX,1028891,60255,7334,900.0,1,0,0,1.2.1,0,tile_id=1028891,2023-11-07T06:06:18.237,6.12355629872299e-14,3.05863668032794e-14,2.05316607099631e-14,5.57245957741341e-14,2.91880932035618e-14,1.9427632942022e-14,6.15367519957423e-14,3.00617017265311e-14,2.03535355175527e-14,MOD,85.00086831779497,-1.5646971166144092,62.189469240505495,1.1856612761059304,GDR coadd,-79.28,35.7,57.5021,2148.92312,74.8664,85.80026543611575,-1.2740327260681843,1.1077888036044117,1.19450090490141,GDR coadd,-48.37,35.23,grid125,56.8424,0.8504,2135.51442,74.0194,70.85951006974791,-56.12804322720648,1.0596814690344354,1.1244182231442483,GDR coadd,-61.36,36.28,WHAM_south_08,62.7915,55.7421,1333.54503,100.4687,158.99163,13.89111,291.1,0.3212,-38.7469,-8.542,lvmSFrame-00007334.fits,sdsswork/lvm/spectro/redux/1.2.1/1028XX/1028891/60255/lvmSFrame-00007334.fits,sdsswork/data/agcam/lco/60255/coadds/lvm.sci.coadd_s00007334.fits,60255,85.00086831779497,-1.5646971166144092,62.189469240505495,NGC2024,85.00086831779497,-1.5646971166144092,-153.98841737844535,-16.575648715580684
1028XX,1028859,60255,7335,900.0,1,0,0,1.2.1,0,tile_id=1028859,2023-11-07T06:22:52.922,6.14112924032761e-14,3.08107114061345e-14,2.06182850091059e-14,6.05298232798343e-14,3.12447689542849e-14,2.03071006065486e-14,6.19376242881457e-14,3.0377032080737e-14,2.04701412826843e-14,MOD,84.38375686783255,-1.1755639183247064,62.236767132820624,1.1626326838977539,GDR coadd,-74.9,35.7,59.3297,1920.62979,75.4826,70.85954250517317,-56.128049651407075,1.4571593318555376,1.122986846006514,GDR coadd,-59.12,35.23,WHAM_south_08,62.9339,56.0268,1220.44568,100.5017,85.80030829925973,-1.2740467498510009,0.8135468833589466,1.1686928411719195,GDR coadd,-44.48,36.28,grid125,58.8324,1.4196,1883.8766,74.1378,159.11846,13.84652,291.22,0.3202,-36.7431,-5.0742,lvmSFrame-00007335.fits,sdsswork/lvm/spectro/redux/1.2.1/1028XX/1028859/60255/lvmSFrame-00007335.fits,sdsswork/data/agcam/lco/60255/coadds/lvm.sci.coadd_s00007335.fits,60255,84.38375686783255,-1.1755639183247064,62.236767132820624,NGC2024,84.38375686783255,-1.1755639183247064,-154.64957720144054,-16.93791553126546
1028XX,1028804,60255,7339,900.0,1,0,0,1.2.1,0,tile_id=1028804,2023-11-07T08:02:34.983,6.15961030273549e-14,3.06686799733563e-14,2.05029531370466e-14,5.56736464949169e-14,2.95040674529168e-14,2.00299205155391e-14,6.19210066307076e-14,3.02025194362714e-14,2.03048359380686e-14,MOD,84.9158531354139,-3.7514067795258055,62.19511903863722,1.1258912259751344,GDR coadd,-55.85,35.55,62.6461,540.65675,76.2519,85.80029194164915,-1.2741079530915147,1.089923623586968,1.147631340682618,GDR coadd,-23.61,35.25,grid125,60.6171,2.6301,545.49804,74.7684,70.85947416017841,-56.128003767866986,1.1643664981655195,1.1849562794809276,GDR coadd,-45.19,36.14,WHAM_south_08,57.5557,53.5717,436.93875,100.649,159.79624,13.57226,291.86,0.315,-20.946,15.1609,lvmSFrame-00007339.fits,sdsswork/lvm/spectro/redux/1.2.1/1028XX/1028804/60255/lvmSFrame-00007339.fits,sdsswork/data/agcam/lco/60255/coadds/lvm.sci.coadd_s00007339.fits,60255,84.9158531354139,-3.7514067795258055,62.19511903863722,NGC2024,84.9158531354139,-3.7514067795258055,-152.0018401798008,-17.664029466704772
1028XX,1028711,60266,7912,900.0,1,0,0,1.2.1,0,tile_id=1028711,2023-11-18T04:05:43.561,6.20861599216556e-14,3.10512674532606e-14,2.08509747857391e-14,5.98886356910961e-14,3.21739397923387e-14,2.11102128700458e-14,6.25769077726177e-14,3.05025732515758e-14,2.05043406519512e-14,MOD,83.65067799897407,-3.7016761491066155,62.25166730331239,1.360857300115587,GDR coadd,-95.62,35.82,47.2929,3438.82104,136.0098,21.018551412102706,-22.926975582331227,1.033468492878864,1.098688576694484,GDR coadd,-25.53,35.42,WHAM_south_02,65.5297,63.4068,2094.82544,74.8102,85.80031479180475,-1.2741422261842217,0.9655989101765801,1.437431081673488,GDR coadd,-65.2,36.23,grid125,44.0819,3.2411,3630.18239,139.2391,297.48663,-25.62423,59.57,0.2477,-41.547,-3.3516,lvmSFrame-00007912.fits,sdsswork/lvm/spectro/redux/1.2.1/1028XX/1028711/60266/lvmSFrame-00007912.fits,sdsswork/data/agcam/lco/60266/coadds/lvm.sci.coadd_s00007912.fits,60255,83.65067799897407,-3.7016761491066155,62.25166730331239,NGC2024,83.65067799897407,-3.7016761491066155,-152.6592376822124,-18.762411375730913
1028XX,1028773,60266,7913,900.0,1,0,0,1.2.1,0,tile_id=1028773,2023-11-18T04:22:04.697,6.14659904134738e-14,3.0998463575286e-14,2.08521408086966e-14,5.94553651336959e-14,3.21426049418182e-14,2.05563943675021e-14,6.17964454378627e-14,3.04105736644473e-14,2.05150910160622e-14,MOD,84.49411992772814,-3.7350001123569765,62.19858101480811,1.3101340334124438,GDR coadd,-92.85,35.82,49.7543,3282.91596,136.4833,21.01854905950512,-22.926966046253018,1.0585781431143075,1.1328590206432338,GDR coadd,-23.24,35.42,WHAM_south_02,61.9725,64.1636,2158.0694,74.6583,85.80032841805,-1.274119246425433,0.9182174500382673,1.3646888779953517,GDR coadd,-61.65,36.23,grid125,47.1189,2.7854,3473.75502,139.1275,297.68424,-25.57032,59.74,0.249,-41.8183,-6.2517,lvmSFrame-00007913.fits,sdsswork/lvm/spectro/redux/1.2.1/1028XX/1028773/60266/lvmSFrame-00007913.fits,sdsswork/data/agcam/lco/60266/coadds/lvm.sci.coadd_s00007913.fits,60255,84.49411992772814,-3.7350001123569765,62.19858101480811,NGC2024,84.49411992772814,-3.7350001123569765,-152.2200804850845,-18.03038332962173
1028XX,1028834,60266,7914,900.0,1,0,0,1.2.1,0,tile_id=1028834,2023-11-18T04:38:22.497,6.1619385561797e-14,3.10338160961136e-14,2.0844202174377e-14,5.5454574647707e-14,3.0152040024611e-14,2.076281008278e-14,6.20757377017953e-14,3.04498328543846e-14,2.04850286161163e-14,MOD,85.14080973939448,-3.3950387384027736,62.176904234359355,1.269216288833242,GDR coadd,-89.79,35.82,51.9886,3140.49765,137.0717,70.85949533135454,-56.127961416648475,1.3783942632680648,1.1446915406507254,GDR coadd,-68.39,35.42,WHAM_south_08,60.8795,53.9609,1495.64709,89.1516,85.80032546188555,-1.274120671862717,0.8817135457916881,1.3054001607633394,GDR coadd,-58.07,36.23,grid125,50.0004,2.2209,3297.67178,139.0123,297.8851,-25.51718,59.91,0.2503,-41.768,-9.0724,lvmSFrame-00007914.fits,sdsswork/lvm/spectro/redux/1.2.1/1028XX/1028834/60266/lvmSFrame-00007914.fits,sdsswork/data/agcam/lco/60266/coadds/lvm.sci.coadd_s00007914.fits,60255,85.14080973939448,-3.3950387384027736,62.176904234359355,NGC2024,85.14080973939448,-3.3950387384027736,-152.22559860383254,-17.300907113701605
1028XX,1028864,60266,7915,900.0,1,0,0,1.2.1,0,tile_id=1028864,2023-11-18T04:54:41.652,6.20193305253937e-14,3.12638589486269e-14,2.10700126866024e-14,5.6210755971122e-14,2.71268740923104e-14,2.02280138208409e-14,6.23672766407349e-14,3.06430698154724e-14,2.07208238079014e-14,MOD,85.36558386363839,-3.038652332075978,62.15464615496779,1.2308205814218784,GDR coadd,-86.32,35.82,54.3376,2985.50088,137.3656,70.85950437134116,-56.128004331515356,1.3899027239313106,1.1344624440301185,GDR coadd,-65.87,35.42,WHAM_south_08,61.8208,54.3504,1473.95288,89.1239,85.80033214342848,-1.2741168837996293,0.8458187042098201,1.2570255778888406,GDR coadd,-54.46,36.23,grid125,52.7052,1.8172,3102.73572,138.893,298.09001,-25.46463,60.09,0.2517,-41.3978,-11.8202,lvmSFrame-00007915.fits,sdsswork/lvm/spectro/redux/1.2.1/1028XX/1028864/60266/lvmSFrame-00007915.fits,sdsswork/data/agcam/lco/60266/coadds/lvm.sci.coadd_s00007915.fits,60255,85.36558386363839,-3.038652332075978,62.15464615496779,NGC2024,85.36558386363839,-3.038652332075978,-152.44845161753088,-16.937567849241393
1028XX,1028894,60266,7916,900.0,1,0,0,1.2.1,0,tile_id=1028894,2023-11-18T05:10:43.479,6.25304420374544e-14,3.13713599198214e-14,2.11437328584794e-14,5.53071761863184e-14,3.00357225189162e-14,2.04290704715261e-14,6.30021564933964e-14,3.07164177350308e-14,2.07927036979667e-14,MOD,85.59025329411386,-2.682252888705859,62.15186649631773,1.2004237371972943,GDR coadd,-82.89,35.82,56.4122,2809.80147,137.6569,85.80031332830036,-1.2740501793808672,1.0831819867038401,1.2186300460103605,GDR coadd,-51.11,35.42,grid125,55.1443,1.4238,2895.09726,138.7721,70.85952258361453,-56.12802653057425,1.02648198919173,1.1276039823351842,GDR coadd,-63.22,36.23,WHAM_south_08,62.4783,54.7402,1435.8392,89.0945,298.29482,-25.41376,60.27,0.253,-40.7295,-14.4365,lvmSFrame-00007916.fits,sdsswork/lvm/spectro/redux/1.2.1/1028XX/1028894/60266/lvmSFrame-00007916.fits,sdsswork/data/agcam/lco/60266/coadds/lvm.sci.coadd_s00007916.fits,60255,85.59025329411386,-2.682252888705859,62.15186649631773,NGC2024,85.59025329411386,-2.682252888705859,-152.67039308403656,-16.573964776307825
1028XX,1028890,60266,7918,900.0,1,0,0,1.2.1,0,tile_id=1028890,2023-11-18T05:44:02.085,6.30533032013165e-14,3.17184811777154e-14,2.1236776616512e-14,5.83270542772308e-14,3.0702307636641e-14,2.04036330621621e-14,6.32598945145549e-14,3.10994609460256e-14,2.08686661983924e-14,MOD,84.80468689117482,-1.192082724024562,62.212705495050635,1.1592532126586303,GDR coadd,-74.3,35.82,59.6125,2456.90837,137.8206,85.80031794768608,-1.2740870134969604,1.0340937592186463,1.1630297002070655,GDR coadd,-43.71,35.42,grid125,59.2967,0.9988,2423.08264,138.5093,70.85952321473995,-56.12802603358716,1.031470072653131,1.123160732849514,GDR coadd,-58.26,36.23,WHAM_south_08,62.9166,56.0776,1306.94328,89.026,298.73082,-25.31079,60.65,0.2559,-38.4329,-19.5721,lvmSFrame-00007918.fits,sdsswork/lvm/spectro/redux/1.2.1/1028XX/1028890/60266/lvmSFrame-00007918.fits,sdsswork/data/agcam/lco/60266/coadds/lvm.sci.coadd_s00007918.fits,60255,84.80468689117482,-1.192082724024562,62.212705495050635,NGC2024,84.80468689117482,-1.192082724024562,-154.42774788032685,-16.57423813333967
1028XX,1028949,60271,8114,900.0,1,0,0,1.2.1,0,tile_id=1028949,2023-11-23T05:46:53.116,6.19208791673673e-14,3.09766330184862e-14,2.08303100011776e-14,6.05295629657545e-14,2.9756753571552e-14,1.96439125324013e-14,6.23723005160734e-14,3.04710437714928e-14,2.0526385746639e-14,MOD,85.45031557298937,-0.8523218417214502,62.20928349703793,1.144882325292432,GDR coadd,-69.88,35.79,60.8623,2396.07423,79.2655,70.8595,-56.128,0.0,1.1275846034430586,CMD position,-55.23,35.37,WHAM_south_08,62.4802,56.5193,1235.17832,77.7764,85.8003383661497,-1.2741164151411772,0.6518568865605658,1.1413249740442173,GDR coadd,-38.56,36.46,grid125,61.1843,0.5481,2364.37282,79.6305,6.21983,1.85401,126.11,0.7955,-37.2426,15.1413,lvmSFrame-00008114.fits,sdsswork/lvm/spectro/redux/1.2.1/1028XX/1028949/60271/lvmSFrame-00008114.fits,sdsswork/data/agcam/lco/60271/coadds/lvm.sci.coadd_s00008114.fits,60255,85.45031557298937,-0.8523218417214502,62.20928349703793,NGC2024,85.45031557298937,-0.8523218417214502,-154.42431954101644,-15.844766318677397
0011XX,11111,60277,8479,900.0,1,0,0,1.2.1,0,missing_tile_id=1028801,2023-11-29T05:29:01.262,5.92433202828556e-14,2.97876953467588e-14,2.02971529018654e-14,1.68621108034499e-13,8.39759855523601e-14,5.53480679453695e-14,5.95514148035442e-14,2.93949081206376e-14,2.00568017438768e-14,SCI,84.33009345540576,-2.6300152036187248,-0.01139406036797481,1.1209714788153295,GDR coadd,-37.27,36.47,63.1362,2544.5432,31.8243,70.85948943187695,-56.128072785580564,1.4158688656229597,1.1296794132775123,GDR coadd,-54.42,36.11,None,62.277,54.5823,1248.21947,86.3978,85.80034295993313,-1.2741258360418528,0.6615124648357149,1.1376533014548715,GDR coadd,-37.32,37.05,None,61.5223,1.9994,2595.70582,30.3098,88.92335,28.88776,203.28,0.9595,-37.646,31.3274,lvmSFrame-00008479.fits,sdsswork/lvm/spectro/redux/1.2.1/0011XX/11111/60277/lvmSFrame-00008479.fits,sdsswork/data/agcam/lco/60277/coadds/lvm.sci.coadd_s00008479.fits,60255,84.33009345540576,-2.6300152036187248,-0.01139406036797481,NGC2024,84.33009345540576,-2.6300152036187248,-153.32916391066345,-17.66527732416257
0011XX,11111,60277,8480,900.0,1,0,0,1.2.1,0,missing_tile_id=1028742,2023-11-29T05:46:06.873,6.10106148450181e-14,3.09245132454991e-14,2.08156142671817e-14,8.08710912973838e-14,3.74345298092564e-14,2.3457621012399e-14,6.14106900292737e-14,3.0482534198686e-14,2.05482592680149e-14,MOD,84.06983877321187,-3.7200786971210515,-0.01564120983124854,1.1062673822875249,GDR coadd,-34.02,36.47,64.681,2278.21331,32.9646,70.8595217600528,-56.12798396268334,1.4353574492689476,1.1382813523712638,GDR coadd,-52.04,36.11,None,61.464,53.4647,1181.20077,86.4245,85.80031896113447,-1.2741332298664825,0.6530996963503269,1.1309770280474054,GDR coadd,-33.64,37.05,None,62.1522,2.9952,2369.23705,30.3307,89.02976,28.89847,203.36,0.9592,-36.3944,31.8265,lvmSFrame-00008480.fits,sdsswork/lvm/spectro/redux/1.2.1/0011XX/11111/60277/lvmSFrame-00008480.fits,sdsswork/data/agcam/lco/60277/coadds/lvm.sci.coadd_s00008480.fits,60255,84.06983877321187,-3.7200786971210515,-0.01564120983124854,NGC2024,84.06983877321187,-3.7200786971210515,-152.4388922488527,-18.399539181284208
1028XX,1028806,60281,8704,900.0,1,0,0,1.2.1,0,tile_id=1028806,2023-12-03T03:57:16.080,6.19062369970025e-14,3.09761559868072e-14,2.08487224755323e-14,1.20809649655208e-13,6.39323117805906e-14,4.17563654622933e-14,6.22593539791202e-14,3.04295536483282e-14,2.06106234269833e-14,SCI,85.30971520543837,-4.49652347217992,62.15378101731304,1.2100717311429179,GDR coadd,-86.36,36.03,55.7304,2889.42179,61.483,85.80025581583958,-1.2740578344574316,1.0875246469221904,1.252940948592456,GDR coadd,-54.33,35.59,grid125,52.9512,3.2595,3220.34408,59.6584,70.85951906195116,-56.12799549521024,1.0036108927072775,1.1336766007382157,GDR coadd,-65.42,36.72,WHAM_south_08,61.895,52.9049,1268.50265,97.2247,142.61628,20.39177,248.15,0.6873,-38.2443,-3.5831,lvmSFrame-00008704.fits,sdsswork/lvm/spectro/redux/1.2.1/1028XX/1028806/60281/lvmSFrame-00008704.fits,sdsswork/data/agcam/lco/60281/coadds/lvm.sci.coadd_s00008704.fits,60255,85.30971520543837,-4.49652347217992,62.15378101731304,NGC2024,85.30971520543837,-4.49652347217992,-151.11790251740126,-17.654965490313383
1028XX,1028837,60281,8711,900.0,1,0,0,1.2.1,0,tile_id=1028837,2023-12-03T06:04:20.259,6.19865256907292e-14,3.07741844684881e-14,2.08796876028987e-14,6.13621219968613e-14,3.09181164089578e-14,2.05743332691222e-14,6.25428580568192e-14,3.0348371686916e-14,2.06588883047763e-14,MOD,85.73190080599313,-4.512486674505028,62.13586640572979,1.1052227435035393,GDR coadd,-59.91,36.03,64.7957,1980.07543,61.8218,85.80032388611535,-1.2741600410810159,1.0343640772961142,1.136344783885403,GDR coadd,-26.8,35.59,grid125,61.6441,3.239,2128.15763,60.3937,70.85946575562335,-56.128002043383866,1.1073082274022181,1.1663359001721731,GDR coadd,-47.27,36.72,WHAM_south_08,59.0243,52.9636,1066.54289,97.4611,143.4865,20.15462,248.91,0.6811,-34.3246,20.1118,lvmSFrame-00008711.fits,sdsswork/lvm/spectro/redux/1.2.1/1028XX/1028837/60281/lvmSFrame-00008711.fits,sdsswork/data/agcam/lco/60281/coadds/lvm.sci.coadd_s00008711.fits,60255,85.73190080599313,-4.512486674505028,62.13586640572979,NGC2024,85.73190080599313,-4.512486674505028,-150.90235672699424,-17.28737334065861
1028XX,1028867,60281,8712,900.0,1,0,0,1.2.1,0,tile_id=1028867,2023-12-03T06:20:37.325,6.21487105193589e-14,3.10233119686084e-14,2.09508648161271e-14,6.0283735351273e-14,3.10389022047591e-14,2.03692714813353e-14,6.24917523167806e-14,3.05750371916975e-14,2.074479371467e-14,MOD,85.95664299102043,-4.155880722966788,62.11172409354016,1.1186674438725621,GDR coadd,-56.79,36.03,63.3701,1776.29701,61.5416,70.85950751880746,-56.128024539602585,1.511458935513127,1.1853129686601147,GDR coadd,-45.37,35.59,WHAM_south_08,57.5285,53.3547,979.76568,97.4807,85.80033036664747,-1.274117080129556,0.7915247569637481,1.1478496129975815,GDR coadd,-23.35,36.72,grid125,60.5977,2.886,1892.12171,60.473,143.58214,20.12076,249.0,0.6804,-32.6499,22.8163,lvmSFrame-00008712.fits,sdsswork/lvm/spectro/redux/1.2.1/1028XX/1028867/60281/lvmSFrame-00008712.fits,sdsswork/data/agcam/lco/60281/coadds/lvm.sci.coadd_s00008712.fits,60255,85.95664299102043,-4.155880722966788,62.11172409354016,NGC2024,85.95664299102043,-4.155880722966788,-151.1278701348336,-16.925527574012655
1028XX,1028983,60283,8830,900.0,1,0,0,1.2.1,0,tile_id=1028983,2023-12-05T04:47:15.400,6.26180058881407e-14,3.11978460507031e-14,2.09838018027715e-14,5.77870735306025e-14,3.05164793837636e-14,2.01971994496517e-14,6.31286787755033e-14,3.07891546418377e-14,2.07467354870275e-14,MOD,86.85415525117392,-2.7293202987442946,62.08866139314796,1.1409429584213386,GDR coadd,-74.45,36.4,61.2192,2831.05083,79.3635,85.80029863306723,-1.2740835160793011,1.0447429157412933,1.1518576085737484,GDR coadd,-41.5,36.12,grid125,60.2458,1.7964,2974.83588,80.1141,70.85951464716227,-56.12800978740354,1.0480776394747753,1.1244092357264581,GDR coadd,-56.8,36.91,WHAM_south_08,62.7924,54.922,1283.60183,101.3965,165.49376,10.64284,270.1,0.5005,-38.5467,-5.8974,lvmSFrame-00008830.fits,sdsswork/lvm/spectro/redux/1.2.1/1028XX/1028983/60283/lvmSFrame-00008830.fits,sdsswork/data/agcam/lco/60283/coadds/lvm.sci.coadd_s00008830.fits,60255,86.85415525117392,-2.7293202987442946,62.08866139314796,NGC2024,86.85415525117392,-2.7293202987442946,-152.02089022833542,-15.475596871140567
1029XX,1029009,60283,8831,900.0,1,0,0,1.2.1,0,tile_id=1029009,2023-12-05T05:15:49.107,6.20493681104188e-14,3.08182675401329e-14,2.07295442066355e-14,5.98735633864134e-14,3.14438121100659e-14,2.08605806185672e-14,6.23775034367869e-14,3.03250218030932e-14,2.0503517483816e-14,MOD,86.88140566807903,-2.0008846318015663,62.10912055084674,1.127059824409664,GDR coadd,-67.99,35.7,62.5315,2655.72896,79.3926,70.85955264625713,-56.128035500417724,1.4893498725825236,1.1344849299492201,GDR coadd,-52.97,35.38,WHAM_south_08,61.8187,55.6427,1236.87325,101.441,85.8003261160876,-1.2741304523274173,0.7871325147972584,1.1328388712453683,GDR coadd,-35.08,36.29,grid125,61.9744,1.3023,2733.51983,80.3143,165.70263,10.55569,270.3,0.4987,-37.6375,0.1234,lvmSFrame-00008831.fits,sdsswork/lvm/spectro/redux/1.2.1/1029XX/1029009/60283/lvmSFrame-00008831.fits,sdsswork/data/agcam/lco/60283/coadds/lvm.sci.coadd_s00008831.fits,60255,86.88140566807903,-2.0008846318015663,62.10912055084674,NGC2024,86.88140566807903,-2.0008846318015663,-152.6776799100777,-15.115031813767116
1029XX,1029008,60283,8832,900.0,1,0,0,1.2.1,0,tile_id=1029008,2023-12-05T05:32:23.944,6.1879757003408e-14,3.09856238356328e-14,2.06030748664742e-14,5.85754333999422e-14,3.05097660519909e-14,2.00867213330886e-14,6.20930605673899e-14,3.04272418035199e-14,2.03732630842146e-14,MOD,86.68472634221091,-1.628858585827583,62.12650608845913,1.1264316679109048,GDR coadd,-64.14,35.7,62.593,2509.12004,79.6243,85.80030974116714,-1.2741186231293438,1.058323632063905,1.1299877239615383,GDR coadd,-31.76,35.38,grid125,62.2473,0.9526,2553.52996,80.4252,70.85949644418625,-56.12802316897839,1.13511207388329,1.1449082469356289,GDR coadd,-50.48,36.29,WHAM_south_08,60.86,55.9719,1188.33385,101.4636,165.8184,10.50481,270.42,0.4977,-36.7082,3.592,lvmSFrame-00008832.fits,sdsswork/lvm/spectro/redux/1.2.1/1029XX/1029008/60283/lvmSFrame-00008832.fits,sdsswork/data/agcam/lco/60283/coadds/lvm.sci.coadd_s00008832.fits,60255,86.68472634221091,-1.628858585827583,62.12650608845913,NGC2024,86.68472634221091,-1.628858585827583,-153.1135269804511,-15.116547109671398
1028XX,1028927,60345,11937,900.0,1,0,0,1.2.1,0,tile_id=1028927,2024-02-05T01:56:16.381,6.89911889760693e-14,3.38333408592474e-14,2.29270807101387e-14,6.93782882635408e-14,3.60452304587559e-14,2.42060111291352e-14,6.9155772453235e-14,3.33564142827932e-14,2.23771145519014e-14,MOD,86.60299472768212,-3.8147009719452445,62.097657354835356,1.1115225840327987,GDR coadd,-59.7,36.63,64.1143,861.65203,145.9727,85.80034747111127,-1.274153659894806,0.956563224887722,1.1383358063514772,GDR coadd,-26.08,36.28,grid125,61.459,2.6641,871.09103,148.5654,70.85951574114463,-56.12801082899679,0.8996965656089225,1.1702451982335291,GDR coadd,-46.8,37.01,WHAM_south_08,58.7069,53.8088,617.06649,98.5897,248.38006,-25.25497,295.06,0.2893,-27.2873,-30.8555,lvmSFrame-00011937.fits,sdsswork/lvm/spectro/redux/1.2.1/1028XX/1028927/60345/lvmSFrame-00011937.fits,sdsswork/data/agcam/lco/60345/coadds/lvm.sci.coadd_s00011937.fits,60339,86.60299472768212,-3.8147009719452445,62.097657354835356,NGC2024,86.60299472768212,-3.8147009719452445,-151.13777764047188,-16.196099865482413
1056XX,1056242,60349,12183,900.0,1,0,0,1.2.1,0,tile_id=1056242,2024-02-09T08:29:26.796,6.87062922375576e-14,3.38035545960862e-14,2.27628974244355e-14,6.26804871127682e-14,3.15336485360107e-14,2.09902602790852e-14,6.92354305713273e-14,3.30455606946644e-14,2.19470702005646e-14,MOD,196.3587504992012,-49.471084282775266,-0.10133984846625405,1.0683089981003389,GDR coadd,-56.82,36.09,69.3999,485.64989,91.3098,197.88163720864844,-46.59727975671564,1.3767311066038428,1.0504336395648317,GDR coadd,-56.07,35.69,grid295,72.1735,3.0487,488.09955,92.1319,185.38306889087102,4.415925806900952,0.6604070910655863,1.2153204119158483,GDR coadd,-20.27,36.69,grid272,55.3689,54.7231,676.62892,129.1344,315.86078,-21.24411,351.28,0.0058,-22.5504,-13.8935,lvmSFrame-00012183.fits,sdsswork/lvm/spectro/redux/1.2.1/1056XX/1056242/60349/lvmSFrame-00012183.fits,sdsswork/data/agcam/lco/60349/coadds/lvm.sci.coadd_s00012183.fits,60339,196.3587504992012,-49.471084282775266,-0.10133984846625405,NGC4945,196.3587504992012,-49.471084282775266,-54.73191240937672,13.337161773586235
1056XX,1056243,60382,14164,900.0,1,0,0,1.2.1,2,tile_id=1056243,2024-03-13T03:54:56.091,6.18201713726025e-14,3.16516193904139e-14,2.13630702520561e-14,5.58756918022301e-14,2.97787268485856e-14,2.00093225982676e-14,6.22185479739561e-14,3.11208138258162e-14,2.11288935169183e-14,MOD,197.00102892031396,-49.474024862025516,-0.5737779207179914,1.2258829057323442,GDR coadd,-80.63,36.7,54.6605,3336.13645,143.1343,185.38300895774884,4.41594216045786,1.1765450103172552,1.3421437788811519,GDR coadd,-53.22,36.26,grid272,48.1657,54.8258,32743.84438,150.795,197.88164514719432,-46.59729536652577,1.0255920561342875,1.2201912697726436,GDR coadd,-79.95,36.96,grid295,55.0391,2.9363,3501.7095,146.0489,28.38055,13.80992,38.57,0.1095,-55.3959,-42.0126,lvmSFrame-00014164.fits,sdsswork/lvm/spectro/redux/1.2.1/1056XX/1056243/60382/lvmSFrame-00014164.fits,sdsswork/data/agcam/lco/60382/coadds/lvm.sci.coadd_s00014164.fits,60380,197.00102892031396,-49.474024862025516,-0.5737779207179914,NGC4945,197.00102892031396,-49.474024862025516,-54.303991277764,13.308793127231274
1056XX,1056245,60383,14245,900.0,1,0,0,1.2.1,0,tile_id=1056245,2024-03-14T08:47:52.605,6.32063252471161e-14,3.20365853659018e-14,2.1507596629172e-14,5.76008101012533e-14,2.9909298411221e-14,2.04377623658081e-14,6.35995228716698e-14,3.1521219791534e-14,2.11492372729803e-14,MOD,196.6792087543958,-49.10569327683206,-0.32595865409373376,1.2118868041072168,GDR coadd,-35.74,36.16,55.6047,791.7561,143.0954,197.88161921134605,-46.597294188761545,1.7246663621179734,1.188839298267242,GDR coadd,-34.85,35.78,grid295,57.2625,2.6349,801.41249,145.3274,225.14089092504418,19.282087759936438,0.877733651207321,1.5200367773969938,GDR coadd,-12.62,36.69,grid333,41.1383,72.9242,904.10121,140.3,45.80228,20.41261,55.26,0.2159,-25.5124,-79.0558,lvmSFrame-00014245.fits,sdsswork/lvm/spectro/redux/1.2.1/1056XX/1056245/60383/lvmSFrame-00014245.fits,sdsswork/data/agcam/lco/60383/coadds/lvm.sci.coadd_s00014245.fits,60380,196.6792087543958,-49.10569327683206,-0.32595865409373376,NGC4945,196.6792087543958,-49.10569327683206,-54.49535312684071,13.689715976342855
1056XX,1056244,60493,20486,900.0,1,0,0,1.2.1,0,tile_id=1056244,2024-07-01T23:22:15.500,6.32873479256197e-14,3.1831073523963e-14,2.14517162449858e-14,6.12896202284581e-14,3.17307519048377e-14,2.04913130282164e-14,6.36768456593346e-14,3.14315577436274e-14,2.13293445378843e-14,MOD,196.0371518122765,-49.106221392611886,0.16046940103701532,1.0672879381606308,GDR coadd,-53.82,35.91,69.5462,322.48129,142.956,185.38304570946573,4.415882323705924,0.9480003675848054,1.2385481649030126,GDR coadd,-16.65,35.53,grid272,53.8424,54.3198,277.64961,132.4048,197.88170172133636,-46.59732933590123,0.815758846298765,1.0502462804533823,GDR coadd,-52.94,36.39,grid295,72.2053,2.7974,323.13799,145.481,46.42814,21.0088,309.53,0.1825,-18.2737,-64.8712,lvmSFrame-00020486.fits,sdsswork/lvm/spectro/redux/1.2.1/1056XX/1056244/60493/lvmSFrame-00020486.fits,sdsswork/data/agcam/lco/60493/coadds/lvm.sci.coadd_s00020486.fits,60465,196.0371518122765,-49.106221392611886,0.16046940103701532,NGC4945,196.0371518122765,-49.106221392611886,-54.92734732666395,13.712686354315295
1056XX,1056241,60494,20573,900.0,1,0,0,1.2.1,0,tile_id=1056241,2024-07-02T23:21:24.601,6.29306355705243e-14,3.18391778760505e-14,2.14006674087742e-14,6.11832249663519e-14,3.31326458423619e-14,2.16768380522795e-14,6.33158128277438e-14,3.14755851174848e-14,2.12718554177361e-14,MOD,195.71193299448944,-49.46980597750992,0.4160685756659257,1.0707873399843881,GDR coadd,-53.41,35.95,69.0499,312.03933,137.6535,197.88170410444852,-46.59732869879582,1.2533023971952992,1.0506385839399057,GDR coadd,-52.68,35.38,grid295,72.1388,3.2178,312.75295,139.9213,185.38305744886893,4.4158464211055035,0.5362860130829484,1.2432560763225977,GDR coadd,-15.84,36.6,grid272,53.5465,54.6269,269.03126,118.9163,60.5453,25.02302,322.06,0.1062,-18.0241,-54.5299,lvmSFrame-00020573.fits,sdsswork/lvm/spectro/redux/1.2.1/1056XX/1056241/60494/lvmSFrame-00020573.fits,sdsswork/data/agcam/lco/60494/coadds/lvm.sci.coadd_s00020573.fits,60465,195.71193299448944,-49.46980597750992,0.4160685756659257,NGC4945,195.71193299448944,-49.46980597750992,-55.16328843632306,13.359738505557626
1056XX,1056240,60499,20980,900.0,1,0,0,1.2.1,0,tile_id=1056240,2024-07-07T23:29:13.914,6.4170488127103e-14,3.21487352464476e-14,2.16443302004788e-14,5.68890180798413e-14,3.01437142362873e-14,1.99701940165198e-14,6.4570809035923e-14,3.16943200452138e-14,2.14977941435217e-14,MOD,196.68523820026604,-49.835233798337875,-0.3586709526292473,1.082788461536492,GDR coadd,-49.86,35.62,67.4494,352.98264,91.6535,185.38303964105634,4.415860297544973,1.0359332490074271,1.2980195048888905,GDR coadd,-10.91,35.31,grid272,50.3902,55.1267,297.18499,53.8641,197.8816889835439,-46.59733406896319,0.8113451437698134,1.0595083410852872,GDR coadd,-48.37,36.07,grid295,70.7057,3.3345,352.04111,90.5328,132.82658,22.42637,23.54,0.0418,-19.2825,1.5501,lvmSFrame-00020980.fits,sdsswork/lvm/spectro/redux/1.2.1/1056XX/1056240/60499/lvmSFrame-00020980.fits,sdsswork/data/agcam/lco/60499/coadds/lvm.sci.coadd_s00020980.fits,60465,196.68523820026604,-49.835233798337875,-0.3586709526292473,NGC4945,196.68523820026604,-49.835233798337875,-54.53705091382636,12.961294114924378
1056XX,1056239,60528,22929,900.0,1,0,0,1.2.1,0,tile_id=1056239,2024-08-06T00:00:56.445,6.3870348317922e-14,3.2014921077042e-14,2.16534776071573e-14,5.91883881994847e-14,3.44513400828867e-14,2.36763316052679e-14,6.40806140885959e-14,3.1454699073692e-14,2.13698814118885e-14,MOD,196.03347812713457,-49.835686196528926,0.07697562460970955,1.3396882013594194,GDR coadd,-31.31,35.17,48.2831,449.41991,74.3438,302.00798632719165,-47.172281810230615,1.4507902520076457,1.4886959004405533,GDR coadd,86.47,34.89,WHAM_south_07,42.2006,63.9091,921.97214,138.0973,197.8816030042368,-46.59731784056224,0.8987201335898076,1.303689757654531,GDR coadd,-29.66,35.53,grid295,50.09,3.4643,447.48832,72.8771,153.36939,14.36443,16.74,0.0213,-23.4894,-7.594,lvmSFrame-00022929.fits,sdsswork/lvm/spectro/redux/1.2.1/1056XX/1056239/60528/lvmSFrame-00022929.fits,sdsswork/data/agcam/lco/60528/coadds/lvm.sci.coadd_s00022929.fits,60524,196.03347812713457,-49.835686196528926,0.07697562460970955,NGC4945,196.03347812713457,-49.835686196528926,-54.96779022416678,12.984279752053082
1039XX,1039350,60638,30171,900.0,1,0,0,1.2.1,0,tile_id=1039350,2024-11-24T04:26:09.341,6.39970797010003e-14,3.22692565810488e-14,2.18245677804439e-14,6.42439045358984e-14,3.33801796392336e-14,2.20980310763371e-14,6.42836010808301e-14,3.16096813970468e-14,2.14902986103958e-14,MOD,96.70592695742243,3.435711438015217,2.410510098238402,1.508306635933876,GDR coadd,-65.13,35.68,41.5287,3422.06239,70.1186,100.17871333049388,8.96710570907656,1.5041231556588022,1.7359619010982834,GDR coadd,-65.73,35.44,grid146,35.1732,6.5197,3880.80144,66.0813,70.85954334659327,-56.12805121197706,1.038384923409315,1.135514661011274,GDR coadd,-65.97,36.38,WHAM_south_08,61.7218,63.1968,1402.64835,100.2533,167.09935,8.17317,282.91,0.3896,-40.3448,-19.553,lvmSFrame-00030171.fits,sdsswork/lvm/spectro/redux/1.2.1/1039XX/1039350/60638/lvmSFrame-00030171.fits,sdsswork/data/agcam/lco/60638/coadds/lvm.sci.coadd_s00030171.fits,60636,96.70592695742243,3.435711438015217,2.410510098238402,NGC2237,96.70592695742243,3.435711438015217,-152.9433073061859,-3.8935460652950797
1039XX,1039863,60638,30172,900.0,1,0,0,1.2.1,0,tile_id=1039863,2024-11-24T04:42:23.674,6.4293125886445e-14,3.24981348423622e-14,2.1978459559081e-14,6.67079499413627e-14,3.4329738142335e-14,2.29871648874991e-14,6.44815955247544e-14,3.1823779436716e-14,2.16356342800053e-14,MOD,97.32136075937986,3.0446504882509355,2.508893607525656,1.433859993697896,GDR coadd,-62.2,35.63,44.2202,3154.56364,69.6951,100.17872524304414,8.967080049474308,1.4508146344305675,1.6268638440696024,GDR coadd,-62.05,35.44,grid146,37.9286,6.5683,3603.37559,66.2207,70.85949294412993,-56.127998565798585,1.051796981323359,1.1281950198664978,GDR coadd,-63.49,36.38,WHAM_south_08,62.4208,62.9902,1397.44535,100.2836,167.23496,8.11838,283.05,0.3884,-40.2514,-16.0862,lvmSFrame-00030172.fits,sdsswork/lvm/spectro/redux/1.2.1/1039XX/1039863/60638/lvmSFrame-00030172.fits,sdsswork/data/agcam/lco/60638/coadds/lvm.sci.coadd_s00030172.fits,60636,97.32136075937986,3.0446504882509355,2.508893607525656,NGC2237,97.32136075937986,3.0446504882509355,-152.31154859381604,-3.528812782034784
1039XX,1039349,60638,30173,900.0,1,0,0,1.2.1,0,tile_id=1039349,2024-11-24T04:58:34.186,6.4153934549969e-14,3.24500565880076e-14,2.1941567291348e-14,6.65273348379999e-14,3.42005344780589e-14,2.27361111691944e-14,6.44561941791279e-14,3.18105473316426e-14,2.15357921142095e-14,MOD,96.51129851370206,3.8083091675926504,2.376862951390247,1.3712674931645215,GDR coadd,-57.59,35.63,46.8237,3033.93901,70.5298,70.859550738934,-56.12808786099883,1.54938880133949,1.124057372967423,GDR coadd,-61.27,35.42,WHAM_south_08,62.8273,63.5029,1375.57184,100.3117,100.17873802005948,8.967114922626852,1.01808628809063,1.5391811448993666,GDR coadd,-58.09,36.38,grid146,40.5187,6.3157,3321.61686,66.3559,167.36635,8.0638,283.18,0.3873,-39.8538,-12.6303,lvmSFrame-00030173.fits,sdsswork/lvm/spectro/redux/1.2.1/1039XX/1039349/60638/lvmSFrame-00030173.fits,sdsswork/data/agcam/lco/60638/coadds/lvm.sci.coadd_s00030173.fits,60636,96.51129851370206,3.8083091675926504,2.376862951390247,NGC2237,96.51129851370206,3.8083091675926504,-153.36446741375875,-3.8935484849166992
1039XX,1039862,60638,30174,900.0,1,0,0,1.2.1,0,tile_id=1039862,2024-11-24T05:16:21.472,6.47531751113326e-14,3.23874711791321e-14,2.19124493305904e-14,6.74409186496859e-14,3.48833214037233e-14,2.35494366088816e-14,6.50493313990361e-14,3.17740800619693e-14,2.15289764851769e-14,MOD,97.12722605701447,3.4176432662611407,2.4521992304671816,1.316183806977148,GDR coadd,-54.23,35.63,49.4441,2728.03224,70.1091,100.17870564931846,8.96707928841586,1.3558409770364288,1.4619712637126956,GDR coadd,-54.1,35.29,grid146,43.1576,6.3239,3007.54574,66.5005,70.8595074260909,-56.128049666184175,1.0668648104263885,1.1230813400187065,GDR coadd,-58.43,36.27,WHAM_south_08,62.9245,63.2948,1332.82102,100.3401,167.5065,8.00373,283.32,0.3861,-39.0742,-8.8307,lvmSFrame-00030174.fits,sdsswork/lvm/spectro/redux/1.2.1/1039XX/1039862/60638/lvmSFrame-00030174.fits,sdsswork/data/agcam/lco/60638/coadds/lvm.sci.coadd_s00030174.fits,60636,97.12722605701447,3.4176432662611407,2.4521992304671816,NGC2237,97.12722605701447,3.4176432662611407,-152.73269461514045,-3.5288358194929828
1040XX,1040375,60638,30175,900.0,1,0,0,1.2.1,0,tile_id=1040375,2024-11-24T05:32:30.154,6.4239485884495e-14,3.24206358482245e-14,2.18790089555485e-14,6.60776043695222e-14,3.44483274749089e-14,2.28692059994849e-14,6.47765105387478e-14,3.18694066171755e-14,2.15393679455763e-14,MOD,97.74253764419143,3.0259791948102994,2.542973342365056,1.2748382791926063,GDR coadd,-51.25,35.63,51.6664,2451.41626,69.6722,100.17875533445235,8.967078520243223,1.302169764792439,1.4061258939897212,GDR coadd,-50.24,35.27,grid146,45.3305,6.4157,2720.79398,66.6278,70.85949331282879,-56.12800623385033,1.0923069544902193,1.1254267713737804,GDR coadd,-56.09,36.27,WHAM_south_08,62.6918,63.0903,1277.89606,100.3637,167.62972,7.94913,283.44,0.3851,-38.0693,-5.3866,lvmSFrame-00030175.fits,sdsswork/lvm/spectro/redux/1.2.1/1040XX/1040375/60638/lvmSFrame-00030175.fits,sdsswork/data/agcam/lco/60638/coadds/lvm.sci.coadd_s00030175.fits,60636,97.74253764419143,3.0259791948102994,2.542973342365056,NGC2237,97.74253764419143,3.0259791948102994,-152.10093304349252,-3.164075072562905
1040XX,1040887,60638,30176,900.0,1,0,0,1.2.1,0,tile_id=1040887,2024-11-24T05:48:44.168,6.4709872292592e-14,3.25452539829268e-14,2.19903115478564e-14,7.63604990025927e-14,3.74824232265373e-14,2.53705410718472e-14,6.51953283974952e-14,3.20635960430623e-14,2.16591048179035e-14,MOD,98.16371927149918,3.007017052917752,2.5789643278594334,1.2441773102686202,GDR coadd,-47.94,35.63,53.4891,2201.77808,69.3766,100.17876383454936,8.967074784529276,1.2674485913164837,1.3614077205823472,GDR coadd,-46.31,35.24,grid146,47.2678,6.2877,2433.15861,66.7521,70.85948735225449,-56.12800434722826,1.1022359111327227,1.1309130147037032,GDR coadd,-53.79,36.27,WHAM_south_08,62.1583,63.1918,1208.33475,100.3851,167.74978,7.89411,283.56,0.3841,-36.7906,-1.9312,lvmSFrame-00030176.fits,sdsswork/lvm/spectro/redux/1.2.1/1040XX/1040887/60638/lvmSFrame-00030176.fits,sdsswork/data/agcam/lco/60638/coadds/lvm.sci.coadd_s00030176.fits,60636,98.16371927149918,3.007017052917752,2.5789643278594334,NGC2237,98.16371927149918,3.007017052917752,-151.89034331215927,-2.7993362775332162
1040XX,1040374,60638,30177,900.0,1,0,0,1.2.1,0,tile_id=1040374,2024-11-24T06:05:02.081,6.3991800565259e-14,3.21932918368336e-14,2.17061684693419e-14,6.7620853313122e-14,3.6232594235694e-14,2.46641211311542e-14,6.47203726850153e-14,3.16119351360356e-14,2.13529410763046e-14,MOD,97.54858970910887,3.3992437621398515,2.512596830671875,1.2198167584793678,GDR coadd,-43.45,35.63,55.0643,1991.45002,70.0528,70.85949645089156,-56.12806877113792,1.6012356466944684,1.13964116514029,GDR coadd,-51.74,35.24,WHAM_south_08,61.3386,63.3941,1125.47813,100.4043,100.17878222776962,8.96709130127424,0.8138332342507271,1.326474454526643,GDR coadd,-42.13,36.27,grid146,48.9274,6.1509,2147.61778,66.8731,167.86644,7.83873,283.67,0.3831,-35.2549,1.5265,lvmSFrame-00030177.fits,sdsswork/lvm/spectro/redux/1.2.1/1040XX/1040374/60638/lvmSFrame-00030177.fits,sdsswork/data/agcam/lco/60638/coadds/lvm.sci.coadd_s00030177.fits,60636,97.54858970910887,3.3992437621398515,2.512596830671875,NGC2237,97.54858970910887,3.3992437621398515,-152.52207947565904,-3.1640744592256786
1041XX,1041398,60638,30178,900.0,1,0,0,1.2.1,0,tile_id=1041398,2024-11-24T06:22:49.250,6.45610754939218e-14,3.23416429738343e-14,2.18228334341109e-14,6.93550556461135e-14,3.49671333682785e-14,2.38896548354241e-14,6.51475895767399e-14,3.18453820215389e-14,2.14605011573001e-14,MOD,98.5849134988458,2.9877488622458626,2.608859895966737,1.1984661911181194,GDR coadd,-40.52,35.47,56.5534,1691.49498,69.1996,70.85949973306609,-56.12802072189078,1.6432169188288437,1.1529684714650523,GDR coadd,-49.33,35.22,WHAM_south_08,60.1494,63.2946,1022.27254,100.4226,100.17880535657424,8.967068067317669,0.7792781080962929,1.2984052884792379,GDR coadd,-37.8,36.15,grid146,50.3697,6.1857,1843.03501,67.0009,167.98932,7.77807,283.8,0.382,-33.3157,5.2821,lvmSFrame-00030178.fits,sdsswork/lvm/spectro/redux/1.2.1/1041XX/1041398/60638/lvmSFrame-00030178.fits,sdsswork/data/agcam/lco/60638/coadds/lvm.sci.coadd_s00030178.fits,60636,98.5849134988458,2.9877488622458626,2.608859895966737,NGC2237,98.5849134988458,2.9877488622458626,-151.67974420394026,-2.4346015921469624
1040XX,1040886,60638,30179,900.0,1,0,0,1.2.1,0,tile_id=1040886,2024-11-24T06:39:02.396,6.41682383254109e-14,3.25044800137738e-14,2.19298179883581e-14,7.23633709289684e-14,3.71516768004523e-14,2.49730504864564e-14,6.47101313140181e-14,3.19111315751969e-14,2.15332281428444e-14,MOD,97.96992795960148,3.380538287154415,2.5505532705926437,1.1897906744556803,GDR coadd,-36.09,35.42,57.1913,1477.3065,69.868,100.17876954817832,8.967078312643034,1.2077880777393082,1.2811031442258853,GDR coadd,-34.08,35.2,grid146,51.3135,6.0023,1574.92126,67.1136,70.85948042498997,-56.128038280700736,1.1531341709383225,1.1687401601222505,GDR coadd,-46.97,36.11,WHAM_south_08,58.8285,63.4947,918.77769,100.4369,168.09737,7.72253,283.91,0.3811,-31.3303,8.6861,lvmSFrame-00030179.fits,sdsswork/lvm/spectro/redux/1.2.1/1040XX/1040886/60638/lvmSFrame-00030179.fits,sdsswork/data/agcam/lco/60638/coadds/lvm.sci.coadd_s00030179.fits,60636,97.96992795960148,3.380538287154415,2.5505532705926437,NGC2237,97.96992795960148,3.380538287154415,-152.31150784555746,-2.799335063108579
1041XX,1041397,60638,30180,900.0,1,0,0,1.2.1,0,tile_id=1041397,2024-11-24T06:55:14.047,6.44835380486091e-14,3.22314126867855e-14,2.18448159466024e-14,6.87580924061808e-14,3.70265734360748e-14,2.48296557698011e-14,6.50109380995399e-14,3.17180227646264e-14,2.1408965182109e-14,MOD,98.39127862805879,3.361493880519514,2.608262048115235,1.1844899406142964,GDR coadd,-32.87,35.42,57.5912,1240.94871,69.5567,100.17878300996232,8.96705670477901,1.2109513761003745,1.2711900447788007,GDR coadd,-30.19,35.17,grid146,51.8749,5.8803,1319.61754,67.2224,70.85945207584322,-56.12801355458198,1.1810804351721986,1.1881275722194555,GDR coadd,-44.88,36.09,WHAM_south_08,57.3159,63.5966,808.97093,100.4488,168.2015,7.66682,284.01,0.3802,-29.1623,12.0602,lvmSFrame-00030180.fits,sdsswork/lvm/spectro/redux/1.2.1/1041XX/1041397/60638/lvmSFrame-00030180.fits,sdsswork/data/agcam/lco/60638/coadds/lvm.sci.coadd_s00030180.fits,60636,98.39127862805879,3.361493880519514,2.608262048115235,NGC2237,98.39127862805879,3.361493880519514,-152.1009149111101,-2.434604418138769
1041XX,1041908,60638,30181,900.0,1,0,0,1.2.1,0,tile_id=1041908,2024-11-24T07:11:25.683,6.4600081451463e-14,3.28801141194716e-14,2.20271293040642e-14,6.97613666964425e-14,3.4243500174197e-14,2.29532367608562e-14,6.52172691319459e-14,3.22567158230226e-14,2.15444096244341e-14,MOD,98.81264074829366,3.3421732151785464,2.6426219135074183,1.184144080099603,GDR coadd,-29.7,35.4,57.6175,1018.28167,69.2417,100.17878256911476,8.967066958126814,1.224269653070232,1.2683511106725849,GDR coadd,-26.36,35.14,grid146,52.0386,5.7864,1079.89631,67.3277,70.85943341480179,-56.12800168776004,1.2017746236672864,1.2113942929884107,GDR coadd,-42.85,36.09,WHAM_south_08,55.6387,63.6999,695.36345,100.4585,168.30195,7.61083,284.11,0.3794,-26.8281,15.4042,lvmSFrame-00030181.fits,sdsswork/lvm/spectro/redux/1.2.1/1041XX/1041908/60638/lvmSFrame-00030181.fits,sdsswork/data/agcam/lco/60638/coadds/lvm.sci.coadd_s00030181.fits,60636,98.81264074829366,3.3421732151785464,2.6426219135074183,NGC2237,98.81264074829366,3.3421732151785464,-151.89033876163373,-2.069859695936608
1039XX,1039859,60651,30758,900.0,1,0,0,1.2.1,0,tile_id=1039859,2024-12-07T03:41:29.003,6.47435480204733e-14,3.26772358622495e-14,2.19988692806207e-14,6.87674036606982e-14,3.58687503367551e-14,2.35772280857184e-14,6.52935973906039e-14,3.20863760781336e-14,2.1643724512439e-14,MOD,96.54286284274284,4.535971363064415,2.3486413829742725,1.4949797784219814,GDR coadd,-63.33,35.71,41.9826,3907.0278,127.749,70.85955212690702,-56.12806638126239,1.4937915556924264,1.1322402767259496,GDR coadd,-65.19,35.32,WHAM_south_08,62.0314,64.2122,1179.0426,84.0586,100.17873900592116,8.96712814821938,1.1086638840256442,1.6898459535165113,GDR coadd,-64.07,36.45,grid146,36.2827,5.7153,4854.45725,132.3327,328.60293,-15.19985,70.37,0.3331,-36.7946,5.4278,lvmSFrame-00030758.fits,sdsswork/lvm/spectro/redux/1.2.1/1039XX/1039859/60651/lvmSFrame-00030758.fits,sdsswork/data/agcam/lco/60651/coadds/lvm.sci.coadd_s00030758.fits,60636,96.54286284274284,4.535971363064415,2.3486413829742725,NGC2237,96.54286284274284,4.535971363064415,-153.99623463749137,-3.528819770849019
1039XX,1039858,60651,30759,900.0,1,0,0,1.2.1,0,tile_id=1039858,2024-12-07T03:57:38.463,6.49650410340185e-14,3.25838543736097e-14,2.20597239722651e-14,6.44094686465937e-14,3.40149008870974e-14,2.24253143578579e-14,6.56814826625159e-14,3.20225647195061e-14,2.16765977282863e-14,MOD,96.34737564466722,4.908445852376347,2.2972182775428864,1.4262088120464114,GDR coadd,-59.41,35.71,44.5201,3879.63424,127.5252,70.85952908153706,-56.128012881513335,1.5141261204808711,1.12620866384564,GDR coadd,-62.74,35.28,WHAM_south_08,62.6149,64.5191,1222.36828,84.0445,100.17876903776337,8.967058795712292,1.051598544776023,1.590167031709054,GDR coadd,-60.37,36.45,grid146,38.9664,5.5616,4622.37374,132.1906,328.75251,-15.12219,70.52,0.3344,-37.5862,2.0969,lvmSFrame-00030759.fits,sdsswork/lvm/spectro/redux/1.2.1/1039XX/1039858/60651/lvmSFrame-00030759.fits,sdsswork/data/agcam/lco/60651/coadds/lvm.sci.coadd_s00030759.fits,60636,96.34737564466722,4.908445852376347,2.2972182775428864,NGC2237,96.34737564466722,4.908445852376347,-154.41738223537007,-3.5288096789377956
1040XX,1040371,60651,30760,900.0,1,0,0,1.2.1,0,tile_id=1040371,2024-12-07T04:15:17.683,6.47740908970311e-14,3.25454227104379e-14,2.20529686863647e-14,7.17340942707797e-14,3.70848963268884e-14,2.45696050227107e-14,6.56878061873399e-14,3.20451305844483e-14,2.17374743122066e-14,MOD,96.96482713518964,4.518405091544747,2.371076617378162,1.3632558112947815,GDR coadd,-56.09,35.73,47.1838,3657.02638,127.8617,70.85952047127023,-56.128011217860944,1.51833843612686,1.1231793147487652,GDR coadd,-60.11,35.36,WHAM_south_08,62.9147,64.3089,1252.84669,84.0264,100.17876705554359,8.96707150883317,0.9785861244464595,1.5029333414962847,GDR coadd,-56.25,36.16,grid146,41.7104,5.4747,4352.56652,132.0307,328.9205,-15.03751,70.69,0.3358,-38.1306,-1.506,lvmSFrame-00030760.fits,sdsswork/lvm/spectro/redux/1.2.1/1040XX/1040371/60651/lvmSFrame-00030760.fits,sdsswork/data/agcam/lco/60651/coadds/lvm.sci.coadd_s00030760.fits,60636,96.96482713518964,4.518405091544747,2.371076617378162,NGC2237,96.96482713518964,4.518405091544747,-153.78561801300887,-3.164066366958777
1041XX,1041907,60651,30762,900.0,1,0,0,1.2.1,0,tile_id=1041907,2024-12-07T04:47:37.334,6.49996975531646e-14,3.26316096966436e-14,2.20918334329475e-14,6.83997076979623e-14,3.59019297493104e-14,2.35403143064687e-14,6.59168600328396e-14,3.21169535518694e-14,2.16566639584497e-14,MOD,98.61893538758518,3.7160451416175633,2.560072045726289,1.2789824687163054,GDR coadd,-50.5,35.73,51.4323,3176.37585,128.9408,70.85949597610669,-56.12799687966334,1.5460327475057078,1.1271718420849133,GDR coadd,-55.41,35.32,WHAM_south_08,62.5205,64.0016,1260.99206,83.986,100.17879092578902,8.967067795417107,0.8752441615815905,1.3876994072962554,GDR coadd,-48.52,36.14,grid146,46.1055,5.4749,3815.62678,131.7254,329.2402,-14.8832,71.01,0.3384,-38.2304,-7.9873,lvmSFrame-00030762.fits,sdsswork/lvm/spectro/redux/1.2.1/1041XX/1041907/60651/lvmSFrame-00030762.fits,sdsswork/data/agcam/lco/60651/coadds/lvm.sci.coadd_s00030762.fits,60636,98.61893538758518,3.7160451416175633,2.560072045726289,NGC2237,98.61893538758518,3.7160451416175633,-152.31151697035781,-2.0698414866527814
1041XX,1041906,60651,30764,900.0,1,0,0,1.2.1,0,tile_id=1041906,2024-12-07T05:21:32.039,6.48453331536614e-14,3.26181637627886e-14,2.20557385299758e-14,7.02316193007345e-14,3.68693126746321e-14,2.4740570807016e-14,6.52794403212078e-14,3.20324707451868e-14,2.17083661759436e-14,MOD,98.42493855096632,4.089791157445782,2.5666387332591403,1.2241787599600007,GDR coadd,-42.34,35.67,54.7731,2786.06532,128.5391,70.8595067235536,-56.12801243112248,1.5702959872209563,1.1448617106462953,GDR coadd,-50.7,35.19,WHAM_south_08,60.8642,64.3039,1203.20965,83.9333,100.17878589138728,8.967076153893046,0.790640949804627,1.3132407647458022,GDR coadd,-40.28,36.25,grid146,49.5944,5.179,3202.51363,131.3886,329.59172,-14.72285,71.36,0.3413,-37.0907,-14.5869,lvmSFrame-00030764.fits,sdsswork/lvm/spectro/redux/1.2.1/1041XX/1041906/60651/lvmSFrame-00030764.fits,sdsswork/data/agcam/lco/60651/coadds/lvm.sci.coadd_s00030764.fits,60636,98.42493855096632,4.089791157445782,2.5666387332591403,NGC2237,98.42493855096632,4.089791157445782,-152.73267935051766,-2.069862627059454
1042XX,1042417,60651,30765,900.0,1,0,0,1.2.1,0,tile_id=1042417,2024-12-07T05:37:48.110,6.47328543749297e-14,3.25799757229866e-14,2.1961728960129e-14,7.46514565178339e-14,4.02922482014983e-14,2.49566743751172e-14,6.53622984034316e-14,3.20874863911834e-14,2.16576154809171e-14,MOD,98.8466899386933,4.070565897556266,2.5290915698961665,1.2085185626582862,GDR coadd,-39.01,35.67,55.8386,2536.86792,128.7806,100.1787808192017,8.967070202160963,1.1612274887936695,1.291008603481798,GDR coadd,-36.53,35.19,grid146,50.7677,5.0721,2896.22372,131.2213,70.85949232320999,-56.128040310920625,1.1207668857393596,1.1584918037550893,GDR coadd,-48.31,36.25,WHAM_south_08,59.6768,64.4067,1152.62966,83.9043,329.76593,-14.64663,71.53,0.3427,-36.1121,-17.664,lvmSFrame-00030765.fits,sdsswork/lvm/spectro/redux/1.2.1/1042XX/1042417/60651/lvmSFrame-00030765.fits,sdsswork/data/agcam/lco/60651/coadds/lvm.sci.coadd_s00030765.fits,60636,98.8466899386933,4.070565897556266,2.5290915698961665,NGC2237,98.8466899386933,4.070565897556266,-152.52208614680092,-1.7051132803478652
1043XX,1043877,60651,30767,900.0,1,0,0,1.2.1,0,tile_id=1043877,2024-12-07T06:10:14.500,6.43695974280682e-14,3.25139082317201e-14,2.19399574953702e-14,6.82721264957354e-14,3.49645209980988e-14,2.32057604457734e-14,6.52258026049181e-14,3.21820666887194e-14,2.16190736685712e-14,MOD,99.91846576039032,4.385562331438483,2.6945185940662455,1.1981963476746127,GDR coadd,-32.51,35.63,56.5729,2027.56312,129.568,100.17879189680252,8.967069160715948,1.1659079701922863,1.2692879484916408,GDR coadd,-28.74,35.17,grid146,51.9844,4.5888,2278.20097,130.8774,70.85945215628333,-56.12800852422855,1.1841114605582954,1.1964618980612263,GDR coadd,-44.11,36.21,WHAM_south_08,56.699,65.0223,1012.74855,83.8394,330.12339,-14.49623,71.88,0.3457,-33.3978,-23.5877,lvmSFrame-00030767.fits,sdsswork/lvm/spectro/redux/1.2.1/1043XX/1043877/60651/lvmSFrame-00030767.fits,sdsswork/data/agcam/lco/60651/coadds/lvm.sci.coadd_s00030767.fits,60636,99.91846576039032,4.385562331438483,2.6945185940662455,NGC2237,99.91846576039032,4.385562331438483,-152.31151664125534,-0.6108742383474389
1039XX,1039857,60652,30813,900.0,1,0,0,1.2.1,0,tile_id=1039857,2024-12-08T03:42:37.760,6.4557317561159e-14,3.24967594136721e-14,2.18436725461235e-14,6.7518162221081e-14,3.52092600305871e-14,2.35890845840547e-14,6.50034823700595e-14,3.19856364754954e-14,2.16135790067082e-14,MOD,96.15147895847586,5.280804307776061,2.2512545248401867,1.4786245731815646,GDR coadd,-61.61,35.68,42.5555,4026.4782,115.2754,100.17873290480078,8.967107075199724,1.4115102452228265,1.65619049360187,GDR coadd,-63.13,35.29,grid146,37.1422,5.4362,4839.97604,119.6757,70.85953329645355,-56.12805488053824,1.0168300140420816,1.1300064457269328,GDR coadd,-64.2,36.14,WHAM_south_08,62.2455,64.8267,1173.59687,82.0434,341.356,-9.26357,83.1,0.4412,-36.7326,12.5234,lvmSFrame-00030813.fits,sdsswork/lvm/spectro/redux/1.2.1/1039XX/1039857/60652/lvmSFrame-00030813.fits,sdsswork/data/agcam/lco/60652/coadds/lvm.sci.coadd_s00030813.fits,60636,96.15147895847586,5.280804307776061,2.2512545248401867,NGC2237,96.15147895847586,5.280804307776061,-154.83856584997795,-3.5288053876234375
1040XX,1040370,60652,30814,900.0,1,0,0,1.2.1,0,tile_id=1040370,2024-12-08T04:00:15.258,6.4369444181678e-14,3.23504142584881e-14,2.15103945362071e-14,6.91628057041954e-14,3.54558170271075e-14,2.35912288759071e-14,6.49542503975233e-14,3.18664628034038e-14,2.12451755039042e-14,MOD,96.76955560831193,4.891212453856686,2.3207210713768167,1.406745926389682,GDR coadd,-58.29,35.47,45.305,3833.54462,115.6869,100.17873914065679,8.967068184552277,1.3533616727779698,1.5554540383976816,GDR coadd,-59.06,35.17,grid146,40.0083,5.2973,4594.46621,119.5248,70.85951074127314,-56.12799696573321,1.0298060242521847,1.1246556207209382,GDR coadd,-61.54,35.92,WHAM_south_08,62.768,64.6151,1219.32601,82.0346,341.5015,-9.17641,83.25,0.4425,-37.5675,8.7577,lvmSFrame-00030814.fits,sdsswork/lvm/spectro/redux/1.2.1/1040XX/1040370/60652/lvmSFrame-00030814.fits,sdsswork/data/agcam/lco/60652/coadds/lvm.sci.coadd_s00030814.fits,60636,96.76955560831193,4.891212453856686,2.3207210713768167,NGC2237,96.76955560831193,4.891212453856686,-154.20680690836852,-3.1640606543118133
1040XX,1040369,60653,30868,900.0,1,0,0,1.2.1,0,tile_id=1040369,2024-12-09T03:40:35.220,6.39270360576632e-14,3.22622196380799e-14,2.17153108413271e-14,6.80994734010039e-14,3.49523126905559e-14,2.31780573079961e-14,6.45440350983809e-14,3.18092197662849e-14,2.14336896000988e-14,MOD,96.57390664793135,5.263867801155434,2.3090184055886915,1.4772942788252375,GDR coadd,-61.61,35.7,42.6029,3998.26259,102.9177,100.17873357801776,8.967114756072622,1.3636387360128004,1.644238411384188,GDR coadd,-62.69,35.42,grid146,37.4583,5.1483,4864.32039,106.5558,70.85954912307834,-56.12807260934857,0.957150559192808,1.129255780011504,GDR coadd,-63.91,36.44,WHAM_south_08,62.3179,64.9219,1158.58182,80.505,353.84556,-2.75196,96.05,0.554,-36.4937,19.8704,lvmSFrame-00030868.fits,sdsswork/lvm/spectro/redux/1.2.1/1040XX/1040369/60653/lvmSFrame-00030868.fits,sdsswork/data/agcam/lco/60653/coadds/lvm.sci.coadd_s00030868.fits,60636,96.57390664793135,5.263867801155434,2.3090184055886915,NGC2237,96.57390664793135,5.263867801155434,-154.62798499517444,-3.1640695924670506
1040XX,1040368,60653,30870,900.0,1,0,0,1.2.1,0,tile_id=1040368,2024-12-09T04:14:31.216,6.36188282099576e-14,3.21749082854474e-14,2.17067724649444e-14,6.73182809761337e-14,3.52541424114794e-14,2.34318844884155e-14,6.40953028988325e-14,3.16938989834087e-14,2.14710821753079e-14,MOD,96.37788524241535,5.636347957214406,2.2543482130696377,1.3535489813577595,GDR coadd,-53.54,35.57,47.6292,3851.77573,102.4637,70.85951539143593,-56.128019847584966,1.4779297027761187,1.1230004084684855,GDR coadd,-59.06,35.34,WHAM_south_08,62.9326,65.2291,1235.57358,80.501,100.17875626686237,8.967087995894195,0.8720403814398932,1.4732083393429223,GDR coadd,-54.58,36.27,grid146,42.7492,5.0302,4398.26527,106.2787,354.10139,-2.58835,96.33,0.5564,-37.8915,12.619,lvmSFrame-00030870.fits,sdsswork/lvm/spectro/redux/1.2.1/1040XX/1040368/60653/lvmSFrame-00030870.fits,sdsswork/data/agcam/lco/60653/coadds/lvm.sci.coadd_s00030870.fits,60636,96.37788524241535,5.636347957214406,2.2543482130696377,NGC2237,96.37788524241535,5.636347957214406,-155.04912562319763,-3.1640823714202218
1041XX,1041393,60653,30871,900.0,1,0,0,1.2.1,0,tile_id=1041393,2024-12-09T04:30:45.499,6.3657919626015e-14,3.20087488291368e-14,2.15750059026203e-14,5.82824180227132e-14,2.81394456108177e-14,2.13714354937258e-14,6.42832082051926e-14,3.15690640697549e-14,2.13220246683726e-14,MOD,97.61392602458402,4.8554582211853745,2.430675895237315,1.3090600292305545,GDR coadd,-51.2,35.57,49.8098,3541.7923,103.5404,100.17875387603887,8.96710109192686,1.2166443681882477,1.414848794641436,GDR coadd,-50.9,35.32,grid146,44.9743,4.8359,4147.71228,106.14,70.85953291820272,-56.128058195201106,0.9897395884416973,1.1248201216348683,GDR coadd,-56.49,36.27,WHAM_south_08,62.7517,64.8108,1249.11908,80.4957,354.22996,-2.51018,96.47,0.5575,-38.1171,9.1395,lvmSFrame-00030871.fits,sdsswork/lvm/spectro/redux/1.2.1/1041XX/1041393/60653/lvmSFrame-00030871.fits,sdsswork/data/agcam/lco/60653/coadds/lvm.sci.coadd_s00030871.fits,60636,97.61392602458402,4.8554582211853745,2.430675895237315,NGC2237,97.61392602458402,4.8554582211853745,-153.78560833321336,-2.434600931387962
1040XX,1040881,60653,30872,900.0,1,0,0,1.2.1,0,tile_id=1040881,2024-12-09T04:47:06.728,6.36030583678641e-14,3.20606085662064e-14,2.17275915723901e-14,6.57549237661965e-14,3.49287657662765e-14,2.3265810028147e-14,6.42167956897162e-14,3.16048687868022e-14,2.15048168937674e-14,MOD,96.99636107321302,5.2464474239123176,2.3552099101173547,1.2741552014846067,GDR coadd,-46.65,35.57,51.7053,3435.55437,102.7954,70.85949703613197,-56.12806580811372,1.487462573876668,1.1298167032900568,GDR coadd,-54.37,35.32,WHAM_south_08,62.2637,65.0182,1247.02035,80.488,100.1787696105012,8.967105592514343,0.771581524016708,1.3679918982784847,GDR coadd,-46.75,36.27,grid146,46.9702,4.8798,3878.46337,105.9963,354.36354,-2.43156,96.61,0.5588,-38.0473,5.6343,lvmSFrame-00030872.fits,sdsswork/lvm/spectro/redux/1.2.1/1040XX/1040881/60653/lvmSFrame-00030872.fits,sdsswork/data/agcam/lco/60653/coadds/lvm.sci.coadd_s00030872.fits,60636,96.99636107321302,5.2464474239123176,2.3552099101173547,NGC2237,96.99636107321302,5.2464474239123176,-154.41735233209678,-2.7993393892119873
1042XX,1042926,60653,30875,900.0,1,0,0,1.2.1,0,tile_id=1042926,2024-12-09T05:37:33.330,6.36589575174552e-14,3.17501923909775e-14,2.16451621827209e-14,6.31511162367526e-14,3.43869873329689e-14,2.31578841778042e-14,6.43305354576617e-14,3.13202173403956e-14,2.14847343762188e-14,MOD,98.88050689376851,4.799088288431328,2.5951009281590633,1.2129577607403375,GDR coadd,-36.87,35.55,55.5308,2631.63305,104.207,100.17878545688352,8.967088658283423,1.113131106624035,1.2832822427545507,GDR coadd,-34.68,35.21,grid146,51.1921,4.3627,2963.45616,105.5273,70.85948336585953,-56.12804118619808,1.0615271627889036,1.166082016867696,GDR coadd,-47.3,36.19,WHAM_south_08,59.0451,65.1138,1143.18108,80.4497,354.80154,-2.18986,97.07,0.5628,-35.9947,-5.1451,lvmSFrame-00030875.fits,sdsswork/lvm/spectro/redux/1.2.1/1042XX/1042926/60653/lvmSFrame-00030875.fits,sdsswork/data/agcam/lco/60653/coadds/lvm.sci.coadd_s00030875.fits,60636,98.88050689376851,4.799088288431328,2.5951009281590633,NGC2237,98.88050689376851,4.799088288431328,-153.15384523156777,-1.3403595823420311
1043XX,1043437,60653,30876,900.0,1,0,0,1.2.1,0,tile_id=1043437,2024-12-09T05:53:41.677,6.41937296786029e-14,3.21376483013728e-14,2.17487621504548e-14,6.26903827823966e-14,3.26026740774152e-14,2.18735764031025e-14,6.48333430140562e-14,3.17198181635717e-14,2.15522951368014e-14,MOD,99.30267815498249,4.779615412117597,2.6156416323977565,1.2052981738802462,GDR coadd,-33.65,35.51,56.0649,2366.84164,104.4736,100.17879024729963,8.967061848348317,1.1082485115338887,1.2722770189693688,GDR coadd,-30.8,35.16,grid146,51.8126,4.2768,2654.04693,105.369,70.85946858338609,-56.12799991616837,1.0855825415014897,1.1848207923003067,GDR coadd,-45.21,36.15,WHAM_south_08,57.566,65.2174,1081.23933,80.4328,354.94991,-2.11282,97.23,0.5641,-34.7879,-8.5717,lvmSFrame-00030876.fits,sdsswork/lvm/spectro/redux/1.2.1/1043XX/1043437/60653/lvmSFrame-00030876.fits,sdsswork/data/agcam/lco/60653/coadds/lvm.sci.coadd_s00030876.fits,60636,99.30267815498249,4.779615412117597,2.6156416323977565,NGC2237,99.30267815498249,4.779615412117597,-152.9432496857935,-0.9756225488297965
1044XX,1044315,60653,30878,900.0,1,0,0,1.2.1,0,tile_id=1044315,2024-12-09T06:27:37.216,6.39908657671801e-14,3.21576514931168e-14,2.16205252171778e-14,6.66814533087818e-14,3.52288789049637e-14,2.30558965959574e-14,6.46270784564167e-14,3.17478349284501e-14,2.13932197693221e-14,MOD,99.95334623935139,5.114201688064146,2.697079123981326,1.211526983063441,GDR coadd,-26.52,35.43,55.6295,1819.43689,104.7903,100.17879338495835,8.967050851412637,1.142297529385832,1.2720234188869735,GDR coadd,-22.87,35.08,grid146,51.8271,3.8593,2003.10076,105.0239,70.85947585216186,-56.12802241873294,1.1378910707405432,1.2369841019289065,GDR coadd,-41.0,36.16,WHAM_south_08,53.9416,65.7282,913.84332,80.3902,355.27449,-1.95139,97.56,0.567,-31.4877,-15.7149,lvmSFrame-00030878.fits,sdsswork/lvm/spectro/redux/1.2.1/1044XX/1044315/60653/lvmSFrame-00030878.fits,sdsswork/data/agcam/lco/60653/coadds/lvm.sci.coadd_s00030878.fits,60636,99.95334623935139,5.114201688064146,2.697079123981326,NGC2237,99.95334623935139,5.114201688064146,-152.9432641079358,-0.24612444811073472
1040XX,1040879,60656,31087,900.0,1,0,0,1.2.1,0,tile_id=1040879,2024-12-12T03:47:23.285,6.38562322577064e-14,3.23773428469411e-14,2.20383876686724e-14,7.30953292205536e-14,3.63751373704881e-14,2.36466037486285e-14,6.47614241634303e-14,3.19259702282976e-14,2.1787002431901e-14,MOD,96.60447513210104,5.991955657210814,2.2845013309486393,1.4147039670822341,GDR coadd,-57.24,35.95,44.9801,4035.7832,63.0192,100.1787343541902,8.967105275885874,1.3408321555442753,1.5411921329694869,GDR coadd,-58.39,35.59,grid146,40.4548,4.6268,4765.9341,65.6416,70.85952676607185,-56.128068868355726,1.0323867721555824,1.1241408368803183,GDR coadd,-61.12,36.64,WHAM_south_08,62.819,65.6317,1155.8318,79.8413,33.02783,17.11376,136.22,0.8616,-36.5565,33.212,lvmSFrame-00031087.fits,sdsswork/lvm/spectro/redux/1.2.1/1040XX/1040879/60656/lvmSFrame-00031087.fits,sdsswork/data/agcam/lco/60656/coadds/lvm.sci.coadd_s00031087.fits,60655,96.60447513210104,5.991955657210814,2.2845013309486393,NGC2237,96.60447513210104,5.991955657210814,-155.2597150637009,-2.799329040220585
1041XX,1041390,60656,31090,900.0,1,0,0,1.2.1,0,tile_id=1041390,2024-12-12T04:37:20.194,6.41624623492858e-14,3.24745507110294e-14,2.19360788725265e-14,7.58248599996319e-14,3.85340136806647e-14,2.43700854604359e-14,6.45389227479474e-14,3.19906706092665e-14,2.16605569054393e-14,MOD,97.02750312511031,5.974701348803439,2.343058035396978,1.2823158645507442,GDR coadd,-45.98,35.67,51.2458,3680.48985,63.1142,70.8594998287468,-56.12807486968856,1.5250183686133791,1.130659838745908,GDR coadd,-54.09,35.53,WHAM_south_08,62.1826,65.7278,1230.66697,79.8878,100.1787771410709,8.967099202484484,0.8338620384425577,1.3629462839047473,GDR coadd,-46.26,36.32,grid146,47.1979,4.3261,4118.23094,65.3158,33.36251,17.28121,136.53,0.8635,-37.8788,25.5545,lvmSFrame-00031090.fits,sdsswork/lvm/spectro/redux/1.2.1/1041XX/1041390/60656/lvmSFrame-00031090.fits,sdsswork/data/agcam/lco/60656/coadds/lvm.sci.coadd_s00031090.fits,60655,97.02750312511031,5.974701348803439,2.343058035396978,NGC2237,97.02750312511031,5.974701348803439,-155.04909714422004,-2.434584413824925
1042XX,1042413,60656,31091,900.0,1,0,0,1.2.1,0,tile_id=1042413,2024-12-12T04:53:35.762,6.45746347002877e-14,3.29711317988622e-14,2.20441610363541e-14,6.62794321031123e-14,3.10641475453058e-14,2.21613320512121e-14,6.50185941636679e-14,3.24089726386887e-14,2.17487819782929e-14,MOD,98.06876751417089,5.565477696526438,2.4901228911675086,1.2555119356285602,GDR coadd,-43.33,35.67,52.796,3407.90495,64.1157,100.17876243620951,8.967092014113998,1.179166869182797,1.3277225537499373,GDR coadd,-42.51,35.53,grid146,48.8657,3.9938,3859.95992,65.2038,70.85949693314745,-56.12804679564122,1.0871457268304408,1.1392365638384716,GDR coadd,-51.62,36.3,WHAM_south_08,61.3758,65.6189,1223.96706,79.8989,33.47782,17.3335,136.64,0.8641,-37.7171,22.814,lvmSFrame-00031091.fits,sdsswork/lvm/spectro/redux/1.2.1/1042XX/1042413/60656/lvmSFrame-00031091.fits,sdsswork/data/agcam/lco/60656/coadds/lvm.sci.coadd_s00031091.fits,60655,98.06876751417089,5.565477696526438,2.4901228911675086,NGC2237,98.06876751417089,5.565477696526438,-154.20676225088516,-1.7051061102571652
1042XX,1042924,60656,31092,900.0,1,0,0,1.2.1,0,tile_id=1042924,2024-12-12T05:09:48.391,6.42293872159847e-14,3.2444935935612e-14,2.19405836818022e-14,6.64115134413229e-14,3.42943914522555e-14,2.31289041806799e-14,6.48848504389342e-14,3.19932981192135e-14,2.16739311234342e-14,MOD,98.49146575015075,5.54678212869495,2.4976860027690493,1.2366358084224078,GDR coadd,-39.97,35.62,53.9638,3185.60392,64.4132,70.85950253208985,-56.12805845595653,1.5631910311734454,1.151081031945119,GDR coadd,-49.63,35.49,WHAM_south_08,60.3135,65.7194,1202.03423,79.9082,100.17880620874178,8.967094597153427,0.7589080880039337,1.3014009883844977,GDR coadd,-38.35,36.27,grid146,50.2107,3.8078,3582.90368,65.0891,33.59625,17.38465,136.75,0.8648,-37.2666,19.9857,lvmSFrame-00031092.fits,sdsswork/lvm/spectro/redux/1.2.1/1042XX/1042924/60656/lvmSFrame-00031092.fits,sdsswork/data/agcam/lco/60656/coadds/lvm.sci.coadd_s00031092.fits,60655,98.49146575015075,5.54678212869495,2.4976860027690493,NGC2237,98.49146575015075,5.54678212869495,-153.99619597303717,-1.3403573222123526
1043XX,1043435,60656,31093,900.0,1,0,0,1.2.1,0,tile_id=1043435,2024-12-12T05:27:25.594,6.41275791585963e-14,3.24036989025918e-14,2.20897346667505e-14,6.82060279275799e-14,3.34477819672725e-14,2.2085429011269e-14,6.47407652226145e-14,3.19159445042053e-14,2.1718346843209e-14,MOD,98.91415837827755,5.527704027481416,2.5352383189101366,1.2225013627728771,GDR coadd,-36.28,35.7,54.8846,2918.60506,64.697,100.17878278767138,8.967062722793905,1.1419996876284886,1.2818100340260992,GDR coadd,-34.28,35.35,grid146,51.274,3.6609,3263.27158,64.9605,70.85947207860012,-56.1280195342724,1.127719270204939,1.167850652702791,GDR coadd,-47.08,36.41,WHAM_south_08,58.9008,65.8212,1161.42762,79.916,33.7291,17.4392,136.88,0.8655,-36.4581,16.8167,lvmSFrame-00031093.fits,sdsswork/lvm/spectro/redux/1.2.1/1043XX/1043435/60656/lvmSFrame-00031093.fits,sdsswork/data/agcam/lco/60656/coadds/lvm.sci.coadd_s00031093.fits,60655,98.91415837827755,5.527704027481416,2.5352383189101366,NGC2237,98.91415837827755,5.527704027481416,-153.78560931562953,-0.9756094873579463
1043XX,1043874,60656,31094,900.0,1,0,0,1.2.1,0,tile_id=1043874,2024-12-12T05:43:35.563,6.45889773582918e-14,3.27677379401739e-14,2.20809101641472e-14,7.20753698363703e-14,3.61159526660765e-14,2.40383065768985e-14,6.53164618318668e-14,3.23547698885337e-14,2.17624751512892e-14,MOD,99.33682590533921,5.5082599237690495,2.6395698918715067,1.2152568385832159,GDR coadd,-32.98,35.7,55.3733,2653.70792,64.9874,100.17879594702696,8.96705111866553,1.140726192874205,1.2715330559423756,GDR coadd,-30.4,35.35,grid146,51.8552,3.5582,2957.06612,64.8389,70.8594657774688,-56.12798929809964,1.1520822433026465,1.187006629725265,GDR coadd,-45.0,36.41,WHAM_south_08,57.4003,65.9243,1109.60658,79.9213,33.85495,17.48837,136.99,0.8662,-35.4365,13.8337,lvmSFrame-00031094.fits,sdsswork/lvm/spectro/redux/1.2.1/1043XX/1043874/60656/lvmSFrame-00031094.fits,sdsswork/data/agcam/lco/60656/coadds/lvm.sci.coadd_s00031094.fits,60655,99.33682590533921,5.5082599237690495,2.6395698918715067,NGC2237,99.33682590533921,5.5082599237690495,-153.5750076815309,-0.6108771781349026
1044XX,1044314,60656,31095,900.0,1,0,0,1.2.1,0,tile_id=1044314,2024-12-12T05:59:52.276,6.43106025981342e-14,3.25591608187694e-14,2.20410190162638e-14,6.87698261905711e-14,3.42436515168773e-14,2.27645142101453e-14,6.4951855321657e-14,3.19974388472985e-14,2.16907454755083e-14,MOD,99.75947222878523,5.488520779505264,2.70580355746355,1.2132120628582421,GDR coadd,-29.7,35.7,55.5134,2375.13919,65.273,70.85947687772013,-56.128032772826465,1.6281074986204787,1.2101890385369596,GDR coadd,-43.16,35.33,WHAM_south_08,55.7223,66.0286,1044.43997,79.9247,100.17880695875733,8.96707773249413,0.7486677580644943,1.268317704833505,GDR coadd,-26.34,36.44,grid146,52.0405,3.5033,2640.63373,64.7128,33.98564,17.53709,137.12,0.8669,-34.1526,10.7666,lvmSFrame-00031095.fits,sdsswork/lvm/spectro/redux/1.2.1/1044XX/1044314/60656/lvmSFrame-00031095.fits,sdsswork/data/agcam/lco/60656/coadds/lvm.sci.coadd_s00031095.fits,60655,99.75947222878523,5.488520779505264,2.70580355746355,NGC2237,99.75947222878523,5.488520779505264,-153.36443412262116,-0.24612940833246108
1028XX,1028898,60964,47702,900.0,1,0,0,1.2.1,0,tile_id=1028898,2025-10-16T05:34:40.468,7.3408064946226e-14,3.65055185899042e-14,2.48494187821231e-14,7.80698370784519e-14,3.94165352994512e-14,2.69483557596526e-14,7.40353142656071e-14,3.56810768995307e-14,2.43255666606734e-14,MOD,86.37861925187232,-4.171373608410505,2.0209906056219284,1.6380664862404237,GDR coadd,-75.97,35.56,37.6239,2472.9145,63.1843,85.8002414474007,-1.2740670441571587,1.6792719639750506,1.6838751969146784,GDR coadd,-73.69,35.41,grid125,36.432,2.9543,2560.23163,62.7452,21.018582374090396,-22.927093587283654,0.9361400635781139,1.0412841998555584,GDR coadd,-31.18,36.34,WHAM_south_02,73.8121,65.7136,4184.69118,128.8303,146.87612,16.26606,300.81,0.2449,-48.7736,-24.3269,lvmSFrame-00047702.fits,sdsswork/lvm/spectro/redux/1.2.1/1028XX/1028898/60964/lvmSFrame-00047702.fits,sdsswork/data/agcam/lco/60964/coadds/lvm.sci.coadd_s00047702.fits,60949,86.37861925187232,-4.171373608410505,2.0209906056219284,NGC2024,86.37861925187232,-4.171373608410505,-150.9132655268667,-16.557924647098055
1028XX,1028744,61011,49926,900.0,1,0,0,1.2.1,0,tile_id=1028744,2025-12-02T02:09:44.264,6.7782231220379e-14,3.35812613612274e-14,2.25502508381917e-14,9.37073878392781e-14,3.33860894442029e-14,2.38882948276461e-14,6.84152391328444e-14,3.29116296668228e-14,2.21618056147845e-14,MOD,84.46544105303512,-4.463884483258949,2.186596943648307,1.7362771912506771,GDR coadd,-78.82,35.9,35.1658,2122.97045,61.5577,2.061569553512013,-34.65182513257672,2.0926507123569915,1.1166816315549979,GDR coadd,-30.23,35.48,grid003,63.5741,81.2186,710.85405,54.5559,85.80025804701167,-1.274011916137584,1.0738933088724882,1.8718243284183622,GDR coadd,-77.64,37.0,grid125,32.2923,3.4572,2582.35356,61.7846,25.53071,15.1376,139.18,0.8789,-28.5589,45.1966,lvmSFrame-00049926.fits,sdsswork/lvm/spectro/redux/1.2.1/1028XX/1028744/61011/lvmSFrame-00049926.fits,sdsswork/data/agcam/lco/61011/coadds/lvm.sci.coadd_s00049926.fits,60995,84.46544105303512,-4.463884483258949,2.186596943648307,NGC2024,84.46544105303512,-4.463884483258949,-151.55162771434382,-18.389408607354323
