tileid,mjd,expnum,exptime,dpos,target,ra,dec,pa
11111,60179,3582,10.0,0,None,0.0,0.0,180.0
11111,60179,3583,180.0,0,None,281.74285,-3.94386,241.41419982910156
11111,60179,3590,900.0,0,None,271.04198,-30.03403,178.81219482421875
11111,60179,3591,900.0,0,None,271.04197,-30.03395,178.82699584960938
11111,60179,3592,900.0,0,None,271.04196,-30.03395,178.8477020263672
11111,60179,3593,900.0,0,None,271.04197,-30.03391,178.872802734375
11111,60179,3594,60.0,0,Lagoon_2,271.5079,-24.0576,180.0
11111,60179,3595,900.0,0,Lagoon_2,271.50791,-24.05761,178.89190673828125
11111,60179,3596,900.0,0,M20W28_P6,270.24998,-23.28332,178.9364013671875
11111,60179,3597,900.0,0,M20W28_P6,270.24997,-23.2833,178.97230529785156
11111,60179,3599,900.0,0,M20W28_P6,270.25001,-23.28332,179.03309631347656
11111,60179,3601,900.0,0,SV_NGC6822_dither,296.24044,-14.80348,178.87269592285156
11111,60179,3602,900.0,0,SV_NGC6822_dither,0.0,0.0,180.0
11111,60179,3604,900.0,0,SV_NGC6822_dither,0.0,0.0,180.0
11111,60179,3605,900.0,0,SV_NGC6822_dither,0.0,0.0,180.0
11111,60179,3606,900.0,0,SV_NGC6822_dither,0.0,0.0,180.0
11111,60179,3608,900.0,0,Fornax1,54.24994,-35.83321,179.13099670410156
11111,60179,3609,900.0,0,Fornax1,54.25002,-35.83338,179.11239624023438
11111,60179,3610,900.0,0,Fornax1,54.25004,-35.83346,179.10450744628906
11111,60179,3611,900.0,0,Fornax2,50.50004,-37.33335,179.0290069580078
11111,60179,3612,900.0,0,Fornax2,50.50002,-37.33331,179.0164031982422
11111,60179,3613,900.0,0,Fornax2,50.50004,-37.33332,179.0133056640625
11111,60184,3912,900.0,0,DEM103,14.90734,-72.15811,179.0196990966797
11111,60184,3913,900.0,0,DEM103,14.90701,-72.15815,179.02029418945312
11111,60184,3914,900.0,0,DEM103,14.90705,-72.15816,178.98399353027344
11111,60184,3915,900.0,0,DEM103,14.90752,-72.15808,178.98350524902344
11111,60184,3916,900.0,0,DEM103,14.90701,-72.1582,178.97279357910156
11111,60184,3917,900.0,0,DEM103,14.90836,-72.15814,178.9875946044922
11111,60184,3919,900.0,0,NGC1316,50.67376,-37.2083,178.8780975341797
11111,60184,3920,900.0,0,NGC1316,50.67379,-37.20829,178.8636932373047
11111,60184,3921,900.0,0,NGC1316,50.6738,-37.20831,178.85169982910156
11111,60184,3922,900.0,0,NGC1365,53.40174,-36.14026,178.8256072998047
11111,60184,3923,900.0,0,NGC1365,53.40174,-36.14024,178.81649780273438
11111,60184,3924,900.0,0,NGC1365,53.40176,-36.14021,178.8076934814453
11111,60185,3954,60.0,0,arc,0.0,0.0,180.0
11111,60185,3955,60.0,0,arc,0.0,0.0,180.0
11111,60185,3961,900.0,0,SV_NGC6822_dither,296.24042,-14.80343,178.7299041748047
11111,60185,3962,900.0,0,SV_NGC6822_dither,0.0,0.0,180.0
11111,60185,3963,900.0,0,SV_NGC6822_dither,0.0,0.0,180.0
11111,60185,3964,900.0,0,SV_NGC6822_dither,0.0,0.0,180.0
11111,60185,3965,900.0,0,SV_NGC6822_dither,0.0,0.0,180.0
11111,60185,3966,900.0,0,SV_NGC6822_dither,0.0,0.0,180.0
11111,60185,3967,900.0,0,SV_NGC6822_dither,0.0,0.0,180.0
11111,60185,3968,900.0,0,SV_NGC6822_dither,0.0,0.0,180.0
11111,60185,3969,900.0,0,SV_NGC6822_dither,0.0,0.0,180.0
11111,60185,3971,900.0,0,DEM103,14.90824,-72.15795,179.06849670410156
11111,60185,3972,900.0,0,DEM103,14.90782,-72.15796,179.06570434570312
11111,60186,3984,900.0,0,NGC6388,264.07082,-44.73555,178.86050415039062
11111,60186,3985,900.0,0,NGC6388,264.07081,-44.73556,178.87210083007812
11111,60186,3986,900.0,0,NGC6388,264.07081,-44.73553,178.8748016357422
11111,60186,3987,900.0,0,NGC6388,264.07087,-44.73554,178.9322052001953
11111,60186,3988,60.0,0,Lagoon1,271.10379,-24.27666,178.86520385742188
11111,60186,3989,900.0,0,Lagoon1,271.10378,-24.27664,178.88490295410156
11111,60186,3990,60.0,0,Lagoon1,271.10381,-24.27667,178.9167938232422
11111,60186,3991,900.0,0,Lagoon1,271.10379,-24.27673,178.95309448242188
11111,60186,4019,60.0,0,arc,0.0,0.0,180.0
11111,60186,4020,60.0,0,arc,0.0,0.0,180.0
11111,60187,4068,60.0,0,arc,0.0,0.0,180.0
11111,60187,4069,60.0,0,arc,0.0,0.0,180.0
11111,60187,4091,900.0,0,RCW120,258.07219,-38.40056,178.8177947998047
11111,60187,4092,900.0,0,RCW120,258.07217,-38.40056,178.8509063720703
11111,60187,4105,900.0,0,AV255,15.17513,-71.51996,178.89810180664062
11111,60187,4106,900.0,0,AV255,15.17513,-71.51997,178.89450073242188
11111,60187,4107,900.0,0,AV255,15.17513,-71.51997,178.89210510253906
11111,60187,4115,900.0,0,IC1613,16.20003,2.11769,178.62399291992188
11111,60187,4116,900.0,0,IC1613,16.2,2.11774,178.63400268554688
11111,60187,4117,900.0,0,IC1613,16.20003,2.11777,178.64450073242188
11111,60188,4153,60.0,0,arc,0.0,0.0,180.0
11111,60188,4154,60.0,0,arc,0.0,0.0,180.0
11111,60188,4161,900.0,0,NGC1427a,55.03872,-35.62436,179.0041046142578
11111,60188,4162,900.0,0,NGC1427a,55.03882,-35.62445,178.98190307617188
11111,60188,4163,900.0,0,NGC1427a,55.03887,-35.62448,178.96859741210938
11111,60188,4164,900.0,0,NGC1316,50.67377,-37.2083,178.91529846191406
11111,60188,4165,900.0,0,NGC1316,50.67377,-37.20832,178.89239501953125
11111,60188,4166,900.0,0,NGC1316,50.67376,-37.20831,178.8668975830078
11111,60188,4167,900.0,0,NGC1316,50.67374,-37.20827,178.8437957763672
11111,60189,4199,60.0,0,arc,0.0,0.0,180.0
11111,60189,4200,60.0,0,arc,0.0,0.0,180.0
11111,60192,4333,60.0,0,M24,269.8838,-23.3863,180.0
11111,60192,4334,900.0,0,M24,269.88379,-23.38631,178.80990600585938
11111,60192,4335,900.0,0,M20W28_P6,270.25,-23.28333,178.84300231933594
11111,60192,4336,900.0,0,M20W28_P6,270.25001,-23.28333,178.87539672851562
11111,60192,4337,900.0,0,M20W28_P6,270.25001,-23.28333,178.9084930419922
11111,60192,4338,60.0,0,M23,270.2559,-23.1873,180.0
11111,60192,4339,900.0,0,M23,270.25592,-23.18731,178.95590209960938
11111,60192,4340,900.0,0,NGC253,11.88788,-25.28829,178.93890380859375
11111,60192,4341,900.0,0,NGC253,11.8879,-25.28835,178.90719604492188
11111,60192,4342,900.0,0,NGC253,11.88792,-25.28833,178.87789916992188
11111,60192,4343,900.0,0,NGC1365,53.40161,-36.14025,179.05709838867188
11111,60192,4344,900.0,0,NGC1365,53.40169,-36.14026,179.0482940673828
11111,60192,4345,900.0,0,NGC1365,53.40167,-36.14027,179.03570556640625
11111,60192,4346,900.0,0,NGC1365,53.40169,-36.14026,179.01190185546875
11111,60192,4347,900.0,0,NGC1365,53.40165,-36.14028,178.9893035888672
11111,60192,4348,900.0,0,NGC1365,53.40169,-36.14027,178.97300720214844
11111,60193,4351,900.0,0,OmegaCen,201.69699,-47.47953,179.0133056640625
11111,60193,4379,900.0,0,NGC253,11.8879,-25.28831,178.79209899902344
11111,60193,4382,900.0,0,NGC253,11.88792,-25.28833,180.0
11111,60194,4412,60.0,0,M24_60s,269.8838,-23.3863,180.0
11111,60194,4413,60.0,0,M24_60s,269.8838,-23.3863,180.0
11111,60194,4414,60.0,0,M24_60s,269.8838,-23.3863,180.0
11111,60194,4415,900.0,0,M24_900s,269.8838,-23.38633,178.8101043701172
11111,60194,4416,900.0,0,M24_900s,269.88381,-23.38629,178.84689331054688
11111,60194,4417,60.0,0,M23_60s,270.2559,-23.1873,180.0
11111,60194,4418,60.0,0,M23_60s,270.2559,-23.1873,180.0
11111,60194,4419,60.0,0,M23_60s,270.2559,-23.1873,180.0
11111,60194,4420,900.0,0,M23_900s,270.25592,-23.18728,178.893798828125
11111,60194,4421,900.0,0,M23_900s,270.25592,-23.18729,178.93389892578125
11111,60194,4422,900.0,0,M23_900s,270.25591,-23.18731,178.97610473632812
11111,60200,4655,60.0,0,tile_id=999,5.3535,-73.29657,179.02499389648438
11111,60200,4657,60.0,0,tile_id=999,5.35343,-73.29657,179.0561981201172
11111,60200,4658,60.0,1,tile_id=999,5.35354,-73.29656,180.0
11111,60200,4659,60.0,2,tile_id=999,0.0,0.0,180.0
11111,60202,4854,20.0,0,Pointing_accuracy Gaia DR3 6698960688866464768 100pt dither,300.08506,-33.70474,180.0
11111,60202,4855,20.0,0,Pointing_accuracy Gaia DR3 6698960688866464768 100pt dither,300.08506,-33.70474,180.0
11111,60202,4856,20.0,0,Pointing_accuracy Gaia DR3 6698960688866464768 100pt dither,300.08506,-33.70474,180.0
11111,60202,4857,20.0,0,Pointing_accuracy Gaia DR3 6698960688866464768 100pt dither,300.08506,-33.70474,180.0
11111,60202,4858,20.0,0,Pointing_accuracy Gaia DR3 6698960688866464768 100pt dither,300.08506,-33.70474,180.0
11111,60202,4859,20.0,0,Pointing_accuracy Gaia DR3 6698960688866464768 100pt dither,300.08506,-33.70474,180.0
11111,60202,4860,20.0,0,Pointing_accuracy Gaia DR3 6698960688866464768 100pt dither,300.08506,-33.70474,180.0
11111,60202,5006,900.0,0,S308_P1,103.46241,-24.04457,114.38520050048828
11111,60202,5007,900.0,0,S308_P1,103.4625,-24.04465,114.34970092773438
11111,60202,5008,900.0,0,S308_P1,103.46252,-24.04467,114.31890106201172
11111,60203,5021,60.0,0,M21,270.25795,-23.58282,178.7677001953125
11111,60203,5022,60.0,0,M21,270.25805,-23.58285,178.77139282226562
11111,60203,5023,60.0,0,M21,270.25798,-23.58278,178.77549743652344
11111,60203,5024,900.0,0,M21,270.25799,-23.58277,178.79429626464844
11111,60203,5025,900.0,0,M21,270.25799,-23.5828,178.82620239257812
11111,60203,5026,900.0,0,M21,270.25797,-23.5828,178.86270141601562
11111,60204,5089,900.0,0,AV255,15.17461,-71.51994,179.006103515625
11111,60204,5090,900.0,0,AV255,15.17491,-71.52,179.00059509277344
11111,60204,5091,900.0,0,AV255,15.17471,-71.51998,178.99380493164062
11111,60206,5206,900.0,0,AV255,15.17506,-71.52,180.00259399414062
11111,60206,5207,900.0,0,AV255,15.17497,-71.52,179.98480224609375
11111,60206,5208,900.0,0,AV255,15.17496,-71.52,179.9788055419922
11111,60206,5209,900.0,0,IC1613,16.19999,2.11779,179.93280029296875
11111,60206,5210,900.0,0,IC1613,16.2,2.11777,179.88279724121094
11111,60206,5211,900.0,0,IC1613,16.2,2.11776,179.835205078125
11111,60206,5253,900.0,0,S308_P1,103.46252,-24.04462,115.25990295410156
11111,60207,5294,900.0,0,IC1613,16.19993,2.11764,180.00819396972656
11111,60207,5295,900.0,0,IC1613,16.2,2.11776,180.0447998046875
11111,60207,5296,900.0,0,IC1613,16.2,2.11775,180.0177001953125
11111,60207,5298,900.0,0,S308_P2,103.72497,-23.69185,115.26809692382812
11111,60207,5299,900.0,0,S308_P2,103.725,-23.69188,115.23139953613281
11111,60208,5351,900.0,0,IC1613,16.2,2.11771,179.97230529785156
11111,60208,5352,900.0,0,IC1613,16.19999,2.11775,179.98240661621094
11111,60208,5353,900.0,0,IC1613,16.19999,2.11774,180.00210571289062
11111,60208,5356,900.0,0,NGC1978,82.18336,-66.23638,180.0019073486328
11111,60208,5357,900.0,0,NGC1978,82.18334,-66.2364,179.99429321289062
11111,60208,5358,900.0,0,NGC1978,82.18335,-66.23641,179.99310302734375
11111,60208,5359,900.0,0,S308_P3,103.26248,-23.65679,115.25810241699219
11111,60208,5360,900.0,0,S308_P3,103.26249,-23.6568,115.23660278320312
11111,60208,5361,900.0,0,S308_P3,103.2625,-23.65681,115.20570373535156
11111,60208,5362,300.0,0,S308_P4,103.92918,-24.07911,115.25140380859375
11111,60212,5511,900.0,0,M33low,23.39818,30.54888,179.8647003173828
11111,60212,5512,900.0,0,M33up,23.51873,30.72948,179.8939971923828
11111,60212,5513,900.0,0,M33low,23.3982,30.54882,179.86849975585938
11111,60212,5514,900.0,0,M33up,23.5187,30.72949,179.8551025390625
11111,60217,5825,60.0,0,M20,270.63006,-23.38261,180.0012969970703
11111,60217,5826,60.0,0,M20,270.63013,-23.38282,179.99420166015625
11111,60217,5827,60.0,0,M20,270.63016,-23.38281,179.99609375
11111,60217,5828,900.0,0,M20,270.63009,-23.38289,180.00079345703125
11111,60217,5829,900.0,0,M20,270.63009,-23.38289,180.018798828125
11111,60217,5830,900.0,0,M20,270.6301,-23.38289,180.0428009033203
11111,60222,6100,900.0,0,NGC1365,53.40164,-36.14025,180.44410705566406
11111,60222,6101,900.0,0,NGC1365,53.40548,-36.13507,180.40750122070312
11111,60222,6102,900.0,0,NGC1365,53.39797,-36.13502,180.3907928466797
11111,60222,6103,900.0,0,NGC1365,53.40163,-36.1438,180.3592071533203
11111,60222,6104,900.0,0,NGC1365,53.3979,-36.14202,180.33949279785156
11111,60222,6105,900.0,0,NGC1365,53.40541,-36.14206,180.31480407714844
11111,60222,6106,900.0,0,NGC1365,53.39793,-36.13852,180.30599975585938
11111,60222,6107,900.0,0,NGC1365,53.40543,-36.13855,180.28680419921875
11111,60222,6108,900.0,0,NGC1365,53.40168,-36.13679,180.27760314941406
11111,60223,6167,900.0,0,S308_P4,103.92915,-24.07912,178.8831024169922
11111,60223,6168,900.0,0,S308_P4,103.92916,-24.07912,178.85409545898438
11111,60223,6169,900.0,0,S308_P4,103.92916,-24.07911,178.8249053955078
11111,60224,6241,900.0,0,S308_P4,103.92916,-24.07912,115.8843002319336
11111,60224,6243,900.0,0,S308_P1,103.4625,-24.04465,115.8467025756836
11111,60224,6244,900.0,0,S308_P1,103.46249,-24.04465,115.81839752197266
11111,60224,6245,900.0,0,S308_P1,103.46249,-24.04465,115.79019927978516
11111,60225,6320,900.0,0,NGC628,24.17399,15.78361,180.0303955078125
11111,60225,6321,900.0,0,NGC628,24.17393,15.78715,180.03109741210938
11111,60225,6322,900.0,0,NGC628,24.1771,15.78889,180.0373992919922
11111,60225,6323,900.0,0,NGC628,24.17709,15.78542,180.05799865722656
11111,60225,6324,900.0,0,NGC628,24.17711,15.78192,180.0966033935547
11111,60225,6325,900.0,0,NGC628,24.17392,15.78014,180.1510009765625
11111,60225,6326,900.0,0,NGC628,24.17077,15.78191,180.22610473632812
11111,60225,6327,900.0,0,NGC628,24.17079,15.7854,180.3043975830078
11111,60225,6328,900.0,0,NGC628,24.17084,15.78893,180.38839721679688
11111,60226,6365,900.0,0,S308_P3,103.26248,-23.65678,115.64450073242188
11111,60226,6366,900.0,0,S308_P3,103.26249,-23.6568,115.60970306396484
11111,60226,6372,900.0,0,S308_P3,103.2625,-23.65679,115.52189636230469
11111,60228,6419,60.0,0,Lagoon,271.09843,-23.84827,180.3341064453125
11111,60228,6420,60.0,0,Lagoon,271.09853,-23.848,180.34129333496094
11111,60228,6421,900.0,0,Lagoon,271.09859,-23.84792,180.36770629882812
11111,60228,6422,900.0,0,Lagoon,271.09862,-23.84788,180.4031982421875
11111,60228,6423,60.0,0,Lagoon,270.69453,-24.06594,180.42599487304688
11111,60228,6424,60.0,0,Lagoon,270.69451,-24.06592,180.4311065673828
11111,60228,6425,900.0,0,Lagoon,270.69452,-24.06588,180.4517059326172
11111,60228,6426,900.0,0,Lagoon,270.69451,-24.06589,180.49049377441406
11111,60229,6537,900.0,0,Fornax3,54.31245,-35.34997,180.47740173339844
11111,60229,6538,900.0,0,Fornax3,54.3125,-35.34998,180.46929931640625
11111,60229,6539,900.0,0,Fornax3,54.31253,-35.35,180.45700073242188
11111,60229,6558,10.0,0,OrionTest10,83.82,-5.39,180.0
11111,60229,6559,10.0,0,OrionTest10,83.82,-5.39,180.0
11111,60229,6560,10.0,0,OrionTest10,83.82,-5.39,180.0
11111,60229,6561,20.0,0,OrionTest20,83.82,-5.39,180.0
11111,60229,6562,20.0,0,OrionTest20,83.82,-5.39,180.0
11111,60229,6563,20.0,0,OrionTest20,83.82,-5.39,180.0
11111,60229,6564,30.0,0,OrionTest30,83.82,-5.39,180.0
11111,60229,6565,30.0,0,OrionTest30,83.82,-5.39,180.0
11111,60229,6566,40.0,0,OrionTest40,83.82,-5.39,180.0
11111,60229,6567,40.0,0,OrionTest40,83.82,-5.39,180.0
11111,60230,6570,900.0,0,HR1544,72.65291,8.91044,180.0034942626953
11111,60230,6571,900.0,0,LTT2415,89.1013,-27.84771,180.18850708007812
11111,60230,6572,900.0,0,HD49798,102.01941,-44.30618,180.29110717773438
11111,60230,6573,900.0,0,HD60753,113.36368,-50.57406,180.35800170898438
11111,60231,6585,60.0,0,Lagoon_m1,271.2999,-24.15015,180.27940368652344
11111,60231,6586,60.0,0,Lagoon_m1,271.29997,-24.15005,180.28529357910156
11111,60231,6587,900.0,0,Lagoon_m1,271.3,-24.15001,180.30470275878906
11111,60231,6588,900.0,0,Lagoon_m1,271.3,-24.14999,180.33799743652344
11111,60231,6589,900.0,0,NGC253_PA0,11.8879,-25.28827,180.34730529785156
11111,60231,6590,900.0,0,NGC253_PA15,11.88792,-25.28834,165.30270385742188
11111,60232,6657,60.0,0,Lagoon_m2,270.89993,-24.15039,180.27639770507812
11111,60232,6658,60.0,0,Lagoon_m2,270.89996,-24.15017,180.28460693359375
11111,60232,6659,900.0,0,Lagoon_m2,270.89999,-24.15006,180.31109619140625
11111,60232,6660,900.0,0,Lagoon_m2,270.89999,-24.15,180.3480987548828
11111,60232,6705,900.0,0,HD60753,113.36368,-50.57403,180.44189453125
11111,60232,6706,900.0,0,HD60753,113.3637,-50.57406,180.43310546875
11111,60232,6707,900.0,0,HD60753,113.36374,-50.57408,180.4813995361328
11111,60235,6812,900.0,0,NGC253_PA0,11.88795,-25.28831,179.98519897460938
11111,60235,6813,900.0,0,NGC253_PA15,11.88794,-25.28832,195.0093994140625
11111,60235,6817,900.0,0,S308_P5,103.54167,-23.93336,179.94720458984375
11111,60235,6818,900.0,0,S308_P5,103.54168,-23.93336,179.9217987060547
11111,60235,6819,900.0,0,S308_P5,103.54166,-23.93335,179.90150451660156
11111,60236,6838,60.0,0,Lagoon_m3,271.09992,-24.50008,178.8188018798828
11111,60236,6839,60.0,0,Lagoon_m3,271.10003,-24.49995,178.8238983154297
11111,60236,6840,900.0,0,Lagoon_m3,271.09998,-24.49999,178.83889770507812
11111,60236,6841,900.0,0,Lagoon_m3,271.1,-24.50001,178.87539672851562
11111,60236,6842,60.0,0,Lagoon_2,271.5079,-24.05758,179.9633026123047
11111,60236,6843,900.0,0,Lagoon_2,271.5079,-24.0576,179.981201171875
11111,60236,6861,900.0,0,HR1996,86.4997,-32.29622,180.0030059814453
11111,60236,6862,900.0,0,HD60753,113.36357,-50.57405,179.99119567871094
11111,60236,6863,900.0,0,HD60753,113.3495,-50.5895,179.98809814453125
11111,60236,6864,900.0,0,HD60753,113.34955,-50.56892,180.05189514160156
11111,60236,6865,900.0,0,HD60753,113.34953,-50.5998,179.98440551757812
11111,60237,6866,100.0,0,HR9087_hiding,0.4559,-3.02771,179.99330139160156
11111,60237,6867,100.0,0,HR9087_hiding,0.45892,-3.02244,179.99009704589844
11111,60237,6868,100.0,0,HR9087_hiding,0.45285,-3.02229,180.00619506835938
11111,60237,6869,100.0,0,HR9087_hiding,0.45287,-3.03279,179.9866943359375
11111,60237,6870,100.0,0,HR9087_hiding,0.45897,-3.03276,179.98699951171875
11111,60237,6871,100.0,0,HR9087_hiding,0.45591,-3.02753,179.7238006591797
11111,60237,6872,100.0,0,HR9087_hiding,0.45891,-3.02234,179.73849487304688
11111,60237,6873,100.0,0,HR9087_hiding,0.45285,-3.02229,179.75259399414062
11111,60237,6874,100.0,0,HR9087_hiding,0.45292,-3.03281,179.7498016357422
11111,60237,6875,100.0,0,HR9087_hiding,0.45896,-3.03272,179.75259399414062
11111,60237,6876,300.0,0,HR1996_hiding,86.49962,-32.30638,179.6697998046875
11111,60237,6877,300.0,0,HR1996_hiding,86.5032,-32.30122,179.65699768066406
11111,60237,6878,300.0,0,HR1996_hiding,86.49603,-32.30126,179.65159606933594
11111,60237,6879,900.0,0,HD49798,102.01933,-44.30619,179.9906005859375
11111,60237,6880,900.0,0,HD49798,102.01933,-44.30619,179.97219848632812
11111,60237,6881,900.0,0,HD49798,102.01933,-44.3062,179.9550018310547
11111,60237,6882,900.0,0,HD49798,101.90719,-44.17768,179.96009826660156
11111,60237,6883,900.0,0,HD60753,113.2374,-50.44553,180.00570678710938
11111,60237,6885,900.0,0,HD60753,113.23735,-50.44556,179.9844970703125
11111,60237,6886,900.0,0,HILT600,101.30555,2.14754,179.95750427246094
11111,60255,7337,900.0,0,S308_P2,103.72502,-23.69186,244.68150329589844
11111,60255,7338,900.0,0,S308_P2,103.72502,-23.6919,244.66600036621094
11111,60259,7553,900.0,0,IRDC_grid102,68.76566,-14.24702,179.9250946044922
11111,60259,7554,900.0,0,IRDC_grid125,85.80036,-1.27415,179.9575958251953
11111,60259,7555,900.0,0,IRDC_grid182,125.29635,-49.86517,179.96580505371094
11111,60259,7556,900.0,0,S308_P6,103.64584,-24.10925,244.67529296875
11111,60259,7557,900.0,0,S308_P6,103.64584,-24.10924,244.6519012451172
11111,60259,7558,900.0,0,NGC3199,154.38314,-57.91372,178.95770263671875
11111,60259,7559,900.0,0,NGC3199,154.38317,-57.91373,178.94749450683594
11111,60259,7560,900.0,0,NGC3199,154.3832,-57.91374,178.93739318847656
11111,60259,7561,900.0,0,NGC3199,154.3832,-57.91373,178.92469787597656
11111,60259,7562,900.0,0,NGC3199,154.38322,-57.91373,178.9116973876953
11111,60259,7563,900.0,0,NGC3199,154.38321,-57.91374,178.90289306640625
11111,60261,7622,900.0,0,IRDC_grid114,76.69263,-3.343,179.82870483398438
11111,60261,7623,900.0,0,Fornax3,54.31255,-35.35006,179.99229431152344
11111,60261,7624,900.0,0,Fornax3,54.31251,-35.35,179.97169494628906
11111,60261,7625,900.0,0,Fornax3,54.3125,-35.35,179.94520568847656
11111,60261,7630,900.0,0,IRDC_grid102,68.76569,-14.24704,179.95140075683594
11111,60261,7631,900.0,0,IRDC_grid124,85.25675,-8.72176,179.90170288085938
11111,60261,7632,900.0,0,IRDC_grid125,85.80022,-1.27421,179.9145965576172
11111,60261,7633,900.0,0,IRDC_grid114,76.6925,-3.34312,179.9687042236328
11111,60261,7635,900.0,0,IRDC_grid158,111.04794,-25.82638,179.95770263671875
11111,60261,7636,900.0,0,IRDC_grid182,125.29636,-49.86519,179.98150634765625
11111,60266,7921,900.0,0,NGC3199,154.38315,-57.91372,209.9792938232422
11111,60266,7923,900.0,0,NGC3199,154.38318,-57.91372,209.94180297851562
11111,60266,7924,900.0,0,NGC3199,154.3832,-57.91374,209.9315948486328
11111,60266,7925,900.0,0,NGC3199,154.38321,-57.91373,209.92129516601562
11111,60266,7926,900.0,0,NGC3199,154.38322,-57.91372,209.9114990234375
11111,60271,8115,900.0,0,S308_P1,103.4625,-24.04465,244.68260192871094
11111,60271,8118,900.0,0,S308_P1,103.4625,-24.04465,244.68150329589844
11111,60272,8183,900.0,0,NGC3199,154.38317,-57.91372,209.9788055419922
11111,60272,8184,900.0,0,NGC3199,154.38319,-57.91373,209.9669952392578
11111,60272,8185,900.0,0,NGC3199,154.38321,-57.91372,209.9571990966797
11111,60272,8186,900.0,0,NGC3199,154.38322,-57.91373,209.94749450683594
11111,60272,8187,900.0,0,NGC3199,154.38321,-57.91373,209.93850708007812
11111,60275,8394,900.0,0,S308_P2,103.725,-23.69187,244.69189453125
11111,60277,8463,900.0,0,IC1613,16.20002,2.11775,179.98890686035156
11111,60277,8464,900.0,0,IC1613,16.2,2.11776,179.97610473632812
11111,60277,8465,900.0,0,IC1613,16.2,2.11776,179.97360229492188
11111,60286,8961,900.0,0,IC1613_dither,16.19998,2.11772,180.01499938964844
11111,60286,8962,900.0,0,IC1613_dither,16.2,2.12126,180.00250244140625
11111,60286,8963,900.0,0,IC1613_dither,16.20303,2.12301,180.0157012939453
11111,60286,8964,900.0,0,IC1613_dither,16.20304,2.11952,180.01950073242188
11111,60286,8965,900.0,0,IC1613_dither,16.20303,2.116,179.99940490722656
11111,60286,8966,900.0,0,NGC1427a_dither,55.03875,-35.62441,179.9897003173828
11111,60286,8967,900.0,0,NGC1427a_dither,55.04249,-35.6192,179.98089599609375
11111,60286,8968,900.0,0,NGC1427a_dither,55.03503,-35.61922,179.99070739746094
11111,60286,8969,900.0,0,NGC1427a_dither,55.03874,-35.62795,179.9833984375
11111,60286,8970,900.0,0,NGC1427a_dither,55.03501,-35.6262,179.99240112304688
11111,60286,8971,900.0,0,NGC1427a_dither,55.04246,-35.62622,179.97959899902344
11111,60286,8972,900.0,0,NGC1427a_dither,55.035,-35.6227,179.95419311523438
11111,60286,8973,900.0,0,NGC1427a_dither,55.04246,-35.62271,179.96339416503906
11111,60286,8974,900.0,0,NGC1427a_dither,55.03874,-35.62094,179.97470092773438
11111,60286,8975,900.0,0,RCW36_dither,134.86166,-43.73718,179.9698028564453
11111,60286,8976,900.0,0,RCW36_dither,134.86171,-43.73375,179.9499053955078
11111,60286,8977,900.0,0,RCW36_dither,134.86591,-43.732,179.92799377441406
11111,60286,8978,900.0,0,RCW36_dither,134.8659,-43.73549,179.90879821777344
11111,60286,8979,900.0,0,RCW36_dither,134.8659,-43.739,179.88929748535156
11111,60286,8980,900.0,0,RCW36_dither,134.86171,-43.74075,179.87669372558594
11111,60286,8981,900.0,0,RCW36_dither,134.85751,-43.739,179.9506072998047
11111,60286,8982,900.0,0,RCW36_dither,134.85751,-43.73551,179.9456024169922
11111,60286,8983,900.0,0,RCW36_dither,134.8575,-43.73202,179.94349670410156
11111,60287,9007,900.0,0,IC1613_dither,16.20004,2.1176,180.0034942626953
11111,60287,9008,900.0,0,IC1613_dither,16.2,2.12122,180.01390075683594
11111,60287,9009,900.0,0,IC1613_dither,16.20302,2.12299,180.0084991455078
11111,60287,9011,900.0,0,IC1613_dither,16.19998,2.11766,180.02420043945312
11111,60287,9012,900.0,0,IC1613_dither,16.2,2.12127,180.0081024169922
11111,60287,9013,900.0,0,IC1613_dither,16.20304,2.12303,180.03199768066406
11111,60287,9014,900.0,0,IC1613_dither,16.20304,2.11951,180.01600646972656
11111,60287,9015,900.0,0,IC1613_dither,16.20302,2.11603,180.03799438476562
11111,60287,9016,900.0,0,IC1613_dither,16.19996,2.11429,179.99459838867188
11111,60288,9068,900.0,0,IC1613_dither,16.19697,2.11599,179.98080444335938
11111,60288,9069,900.0,0,IC1613_dither,16.19696,2.11953,179.99240112304688
11111,60288,9070,900.0,0,IC1613_dither,16.19696,2.12304,180.02279663085938
11111,60288,9083,900.0,0,Pencil_dither,134.94994,-45.98829,179.96209716796875
11111,60288,9084,900.0,0,Pencil_dither,134.95436,-45.9831,179.94189453125
11111,60288,9085,900.0,0,Pencil_dither,134.94564,-45.9831,179.93150329589844
11111,60288,9086,900.0,0,Pencil_dither,134.95002,-45.99185,179.9051971435547
11111,60288,9087,900.0,0,Pencil_dither,134.94565,-45.9901,179.89439392089844
11111,60288,9088,900.0,0,Pencil_dither,134.95436,-45.99008,179.87379455566406
11111,60288,9089,900.0,0,Pencil_dither,134.94564,-45.98659,179.86940002441406
11111,60288,9090,900.0,0,Pencil_dither,134.95436,-45.98659,179.85659790039062
11111,60288,9091,900.0,0,Pencil_dither,134.95,-45.98484,179.85189819335938
11111,60290,9235,900.0,0,NGC3199,154.38314,-57.9137,209.87820434570312
11111,60290,9236,900.0,0,NGC3199,154.38651,-57.9107,209.98570251464844
11111,60290,9237,900.0,0,NGC3199,154.39308,-57.91071,209.97129821777344
11111,60290,9238,900.0,0,NGC3199,154.3898,-57.91373,209.9615936279297
11111,60290,9239,900.0,0,NGC3199,154.38651,-57.91676,209.9521026611328
11111,60290,9240,900.0,0,NGC3199,154.37992,-57.91677,209.94610595703125
11111,60290,9241,900.0,0,NGC3199,154.37664,-57.91373,209.94129943847656
11111,60291,9296,900.0,0,NGC3199,154.37993,-57.91066,209.98629760742188
11111,60291,9297,900.0,0,NGC3199,154.38322,-57.90769,209.9846954345703
11111,60293,9394,900.0,0,NGC3199,154.38322,-57.90765,209.98609924316406
1056249,60349,12174,900.0,1,NGC5128,201.37447,-43.02182,179.91639709472656
1056249,60349,12175,900.0,2,NGC5128,201.36628,-43.02189,179.906494140625
1056249,60349,12176,900.0,3,NGC5128,201.37038,-43.01323,179.8892059326172
1056249,60349,12177,900.0,4,NGC5128,201.36628,-43.01495,179.92449951171875
1056249,60349,12178,900.0,5,NGC5128,201.37456,-43.01494,179.89959716796875
1056249,60349,12179,900.0,6,NGC5128,201.36633,-43.01842,179.89540100097656
1056249,60349,12180,900.0,7,NGC5128,201.37453,-43.0184,179.91700744628906
1056249,60349,12181,900.0,8,NGC5128,201.37042,-43.02012,179.91310119628906
1056242,60349,12183,900.0,0,NGC4945,196.35875,-49.47108,179.89869689941406
1056242,60349,12184,900.0,1,NGC4945,196.36338,-49.4763,179.8876953125
1056242,60350,12237,900.0,2,NGC4945,196.35402,-49.47627,179.87359619140625
1056242,60350,12238,900.0,3,NGC4945,196.35872,-49.46768,179.86619567871094
1056242,60352,12308,900.0,4,NGC4945,196.35407,-49.46935,179.87460327148438
1056242,60352,12309,900.0,5,NGC4945,196.36335,-49.46938,179.84629821777344
1056242,60352,12310,900.0,6,NGC4945,196.35413,-49.47287,179.8437957763672
1056242,60352,12311,900.0,7,NGC4945,196.36338,-49.47286,179.90150451660156
1056242,60352,12312,900.0,8,NGC4945,196.35877,-49.47458,179.90150451660156
1056251,60352,12319,900.0,0,NGC5128,201.08412,-42.65172,180.12730407714844
1056251,60352,12320,900.0,1,NGC5128,201.08821,-42.65697,180.1156005859375
1056251,60353,12383,900.0,2,NGC5128,201.07999,-42.65689,180.11639404296875
1056251,60353,12384,900.0,3,NGC5128,201.08411,-42.64831,180.10350036621094
1056251,60353,12385,900.0,4,NGC5128,201.08003,-42.65001,180.09080505371094
1056251,60353,12386,900.0,5,NGC5128,201.08821,-42.65003,180.12550354003906
1056251,60353,12387,900.0,6,NGC5128,201.08001,-42.65348,180.1195068359375
1056251,60353,12388,900.0,7,NGC5128,201.08819,-42.65349,180.1053924560547
1056251,60353,12389,900.0,8,NGC5128,201.0841,-42.6552,180.16720581054688
1056252,60353,12391,900.0,0,NGC5128,201.65586,-42.65135,179.70399475097656
1056252,60353,12392,900.0,1,NGC5128,201.65998,-42.65658,179.693603515625
1056252,60353,12393,900.0,2,NGC5128,201.6518,-42.6566,179.69979858398438
1056248,60376,13768,900.0,3,NGC5128,200.7953,-43.01215,180.21090698242188
1056248,60376,13769,900.0,4,NGC5128,200.79118,-43.01385,180.20550537109375
1056248,60376,13770,900.0,5,NGC5128,200.7994,-43.01388,180.3083953857422
1056248,60376,13771,900.0,6,NGC5128,200.79115,-43.01733,180.23789978027344
1056248,60376,13772,900.0,7,NGC5128,200.79936,-43.01735,180.22970581054688
1056248,60377,13825,900.0,8,NGC5128,200.79524,-43.01902,180.25889587402344
1056250,60377,13832,900.0,0,NGC5128,201.94554,-43.01485,179.5126953125
1056250,60377,13833,900.0,1,NGC5128,201.94969,-43.02003,179.47669982910156
1056250,60378,13881,900.0,2,NGC5128,201.94143,-43.02001,179.51939392089844
1056250,60378,13882,900.0,3,NGC5128,201.94551,-43.01142,179.4967041015625
1056250,60378,13883,900.0,4,NGC5128,201.94143,-43.01316,179.48170471191406
1056250,60378,13884,900.0,5,NGC5128,201.94965,-43.01311,179.53030395507812
1056250,60378,13885,900.0,6,NGC5128,201.94146,-43.01664,179.53680419921875
1056250,60378,13886,900.0,7,NGC5128,201.94971,-43.0166,179.4844970703125
1056250,60378,13887,900.0,8,NGC5128,201.9456,-43.0183,179.5207061767578
11111,60379,13933,900.0,0,RCW120_dither,258.07214,-38.4005,179.95449829101562
11111,60379,13934,900.0,0,RCW120_dither,258.07608,-38.39529,179.9302978515625
11111,60379,13935,900.0,0,RCW120_dither,258.06835,-38.39531,179.91549682617188
11111,60379,13936,900.0,0,RCW120_dither,258.07221,-38.40405,179.8834991455078
11111,60379,13937,900.0,0,RCW120_dither,258.06837,-38.40231,179.8657989501953
11111,60379,13938,900.0,0,RCW120_dither,258.07609,-38.4023,179.83489990234375
11111,60379,13939,900.0,0,RCW120_dither,258.06834,-38.39881,179.82350158691406
11111,60379,13940,900.0,0,RCW120_dither,258.07607,-38.3988,179.79339599609375
11111,60379,13941,900.0,0,RCW120_dither,258.07219,-38.39705,179.77499389648438
1056247,60379,13942,900.0,0,NGC5128,201.66011,-43.38093,179.73779296875
1056247,60379,13943,900.0,1,NGC5128,201.66428,-43.38605,179.72479248046875
1056247,60379,13944,900.0,2,NGC5128,201.65599,-43.38606,179.73300170898438
1056247,60379,13945,900.0,3,NGC5128,201.66012,-43.37742,179.718994140625
1056247,60380,14033,900.0,4,NGC5128,201.65604,-43.37913,179.74130249023438
1056247,60380,14034,900.0,5,NGC5128,201.66426,-43.37912,179.70970153808594
1056247,60380,14035,900.0,6,NGC5128,201.65601,-43.38263,179.69659423828125
1056247,60380,14036,900.0,7,NGC5128,201.66429,-43.3826,179.72950744628906
1056246,60380,14048,900.0,0,NGC5128,201.08153,-43.38124,180.13209533691406
1056246,60380,14049,900.0,1,NGC5128,201.08565,-43.38642,180.114501953125
1056246,60381,14099,900.0,2,NGC5128,201.07735,-43.38637,180.11630249023438
1056246,60381,14100,900.0,3,NGC5128,201.08155,-43.37779,180.09339904785156
1056246,60381,14101,900.0,4,NGC5128,201.07744,-43.37951,180.08279418945312
1056246,60381,14102,900.0,5,NGC5128,201.08571,-43.37951,180.11000061035156
1056246,60381,14103,900.0,6,NGC5128,201.07744,-43.38297,180.1042938232422
1056246,60381,14104,900.0,7,NGC5128,201.08568,-43.38299,180.07919311523438
1056246,60381,14105,900.0,8,NGC5128,201.08154,-43.3847,180.11810302734375
1056243,60381,14114,900.0,0,NGC4945,197.00561,-49.46885,179.418701171875
1056243,60381,14115,900.0,1,NGC4945,197.01026,-49.47403,179.4196014404297
1056243,60382,14164,900.0,2,NGC4945,197.00103,-49.47402,179.4261932373047
1056243,60382,14165,900.0,3,NGC4945,197.00555,-49.46542,179.40660095214844
1056243,60382,14166,900.0,4,NGC4945,197.00096,-49.46716,179.40249633789062
1056243,60382,14167,900.0,5,NGC4945,197.01021,-49.4671,179.4333953857422
1056243,60382,14168,900.0,6,NGC4945,197.00101,-49.47063,179.43820190429688
1056243,60382,14169,900.0,7,NGC4945,197.01023,-49.47056,179.4145965576172
1056243,60382,14170,900.0,8,NGC4945,197.00564,-49.47231,179.43359375
1056245,60405,15660,900.0,3,NGC4945,196.67912,-49.10219,179.67129516601562
1056245,60405,15662,900.0,4,NGC4945,196.6746,-49.10398,179.6875
1056245,60405,15663,900.0,5,NGC4945,196.68375,-49.10395,179.67210388183594
1056245,60405,15664,900.0,6,NGC4945,196.67462,-49.10745,179.66290283203125
1056245,60405,15665,900.0,7,NGC4945,196.68379,-49.10743,179.68020629882812
1056245,60405,15666,900.0,8,NGC4945,196.67922,-49.10916,179.67599487304688
1056265,60405,15684,900.0,0,ESO274-001,228.55623,-46.81251,179.976806640625
1056590,60407,15819,900.0,5,NGC6822,296.24349,-14.80128,179.94810485839844
1056590,60407,15821,900.0,6,NGC6822,296.23731,-14.8048,179.95339965820312
1056590,60407,15822,900.0,7,NGC6822,296.24354,-14.8048,179.9080047607422
1056590,60407,15823,900.0,8,NGC6822,296.24043,-14.80653,179.8730926513672
1056297,60407,15824,900.0,0,IC4662,266.77627,-64.64034,179.97889709472656
1056297,60408,15852,900.0,1,IC4662,266.78307,-64.64543,180.00340270996094
1056297,60408,15853,900.0,2,IC4662,266.76919,-64.64545,180.00100708007812
1056297,60408,15855,900.0,3,IC4662,266.77625,-64.63681,180.01199340820312
1056297,60408,15856,900.0,4,IC4662,266.76921,-64.63854,180.0045928955078
1056297,60408,15857,900.0,5,IC4662,266.78328,-64.63853,179.989501953125
1056297,60408,15858,900.0,6,IC4662,266.76921,-64.64203,179.9864959716797
1056297,60408,15859,900.0,7,IC4662,266.78329,-64.64202,179.9844970703125
1056297,60408,15860,900.0,8,IC4662,266.77621,-64.64371,179.9761962890625
1056261,60408,15869,900.0,0,CIRCINUS,213.28871,-65.33916,179.94610595703125
1056261,60409,15900,900.0,1,CIRCINUS,213.29582,-65.34432,179.96929931640625
1056261,60409,15901,900.0,2,CIRCINUS,213.28149,-65.34436,180.00779724121094
1056261,60409,15902,900.0,3,CIRCINUS,213.28873,-65.33572,180.00059509277344
1056261,60409,15903,900.0,4,CIRCINUS,213.28157,-65.33743,179.99420166015625
1056261,60409,15904,900.0,5,CIRCINUS,213.29598,-65.33743,179.97720336914062
1056261,60409,15905,900.0,6,CIRCINUS,213.28157,-65.34091,179.9759063720703
1056261,60409,15906,900.0,7,CIRCINUS,213.29597,-65.34091,179.89349365234375
1056261,60409,15907,900.0,8,CIRCINUS,213.28877,-65.34261,179.9022979736328
1056304,60409,15927,900.0,0,IC5152,330.67446,-51.29525,179.97250366210938
1056304,60411,16093,900.0,1,IC5152,330.67933,-51.30043,179.96449279785156
1056304,60411,16094,900.0,2,IC5152,330.6698,-51.30046,179.96530151367188
1056304,60411,16095,900.0,3,IC5152,330.67458,-51.29182,179.94090270996094
1056304,60412,16202,900.0,4,IC5152,330.66973,-51.29353,179.97569274902344
1056304,60412,16204,900.0,6,IC5152,330.67458,-51.29528,180.0
1056655,60436,17652,900.0,5,PGC66239,317.50567,-37.50222,179.95899963378906
1056655,60436,17653,900.0,6,PGC66239,317.49814,-37.50576,179.94459533691406
1056655,60437,17690,900.0,7,PGC66239,317.50567,-37.5057,179.97019958496094
11111,60490,20271,60.0,0,Lagoon_10,271.09999,-24.49997,179.9882049560547
1056244,60493,20486,900.0,0,NGC4945,196.03715,-49.10622,180.16050720214844
1056244,60493,20487,900.0,1,NGC4945,196.04164,-49.11135,180.16110229492188
1056244,60493,20488,900.0,2,NGC4945,196.03244,-49.11132,180.15960693359375
1056244,60493,20489,900.0,3,NGC4945,196.03711,-49.10269,180.15199279785156
1056244,60493,20490,900.0,4,NGC4945,196.0325,-49.1044,180.15289306640625
1056244,60493,20491,900.0,5,NGC4945,196.0417,-49.10441,180.14280700683594
1056244,60493,20492,900.0,6,NGC4945,196.03251,-49.10788,180.14849853515625
1056244,60493,20493,900.0,7,NGC4945,196.04168,-49.10789,180.152099609375
1056244,60493,20494,900.0,8,NGC4945,196.03708,-49.10959,180.1555938720703
11111,60493,20498,60.0,0,Lagoon_10,271.09996,-24.49992,179.97430419921875
11111,60493,20499,60.0,0,Lagoon_10,271.09997,-24.49994,179.968505859375
11111,60493,20500,900.0,0,Lagoon_10,271.1,-24.5,179.95269775390625
11111,60493,20501,900.0,0,Lagoon_10,271.1,-24.49999,179.93280029296875
11111,60493,20502,60.0,0,Lagoon_2,271.50793,-24.05758,179.95590209960938
11111,60493,20503,60.0,0,Lagoon_2,271.5079,-24.0576,179.9539031982422
11111,60493,20504,900.0,0,Lagoon_2,271.50791,-24.0576,179.94630432128906
11111,60493,20505,900.0,0,Lagoon_2,271.5079,-24.0576,179.93460083007812
11111,60493,20506,60.0,0,Lagoon_5,270.69831,-24.49472,179.93580627441406
11111,60493,20507,60.0,0,Lagoon_5,270.6983,-24.49467,179.93600463867188
11111,60493,20508,900.0,0,Lagoon_5,270.6983,-24.49471,179.93370056152344
11111,60493,20509,900.0,0,Lagoon_5,270.69829,-24.49471,179.93150329589844
1056655,60493,20510,900.0,4,PGC66239,317.49807,-37.50222,179.96270751953125
1056655,60493,20511,900.0,8,PGC66239,317.50191,-37.50744,179.93089294433594
1056241,60494,20573,900.0,0,NGC4945,195.71193,-49.46981,180.41610717773438
1056241,60494,20574,900.0,1,NGC4945,195.71645,-49.47497,180.38699340820312
1056241,60494,20575,900.0,2,NGC4945,195.70718,-49.47496,180.40660095214844
1056241,60494,20576,900.0,3,NGC4945,195.71188,-49.46627,180.39329528808594
1056241,60494,20577,900.0,4,NGC4945,195.70726,-49.468,180.39930725097656
1056241,60494,20579,900.0,6,NGC4945,195.70723,-49.47148,180.4156036376953
1056241,60494,20580,900.0,7,NGC4945,195.71645,-49.47151,180.38330078125
1056241,60494,20581,900.0,8,NGC4945,195.71185,-49.47323,180.40220642089844
11111,60497,20836,900.0,0,OmegaCen,201.69703,-47.47955,179.96229553222656
11111,60497,20837,900.0,0,OmegaCen,201.69699,-47.47951,179.96859741210938
11111,60497,20838,900.0,0,OmegaCen,201.697,-47.47948,179.97129821777344
1056241,60498,20908,900.0,5,NGC4945,195.71656,-49.46809,180.408203125
1056240,60499,20980,900.0,0,NGC4945,196.68524,-49.83523,179.64129638671875
1056240,60499,20981,900.0,1,NGC4945,196.6899,-49.84036,179.6407012939453
1056240,60499,20982,900.0,2,NGC4945,196.68057,-49.84038,179.66529846191406
1056240,60499,20983,900.0,3,NGC4945,196.68517,-49.83171,179.64889526367188
1056240,60499,20984,900.0,4,NGC4945,196.68054,-49.83345,179.65029907226562
1056240,60499,20985,900.0,5,NGC4945,196.68986,-49.83342,179.64649963378906
1056240,60499,20986,900.0,6,NGC4945,196.68058,-49.83694,179.64810180664062
1056240,60499,20987,900.0,7,NGC4945,196.68989,-49.83689,179.6322021484375
1056240,60499,20988,900.0,8,NGC4945,196.68525,-49.83862,179.6511993408203
1056239,60528,22929,900.0,0,NGC4945,196.03348,-49.83569,180.07699584960938
1056239,60528,22930,900.0,1,NGC4945,196.0382,-49.84083,180.16690063476562
1056239,60528,22931,900.0,2,NGC4945,196.02878,-49.84082,180.10440063476562
1056239,60530,23001,900.0,3,NGC4945,196.03349,-49.83225,180.06460571289062
1056239,60530,23002,900.0,4,NGC4945,196.02885,-49.83389,180.09039306640625
1056239,60530,23003,900.0,5,NGC4945,196.0382,-49.83387,180.12460327148438
1056652,60531,23056,900.0,0,PGC54685,229.82334,-41.23337,179.95730590820312
1056652,60531,23057,900.0,1,PGC54685,229.8273,-41.2385,179.9600067138672
1056652,60531,23058,900.0,2,PGC54685,229.81928,-41.23849,179.9709014892578
1056652,60531,23059,900.0,3,PGC54685,229.8233,-41.22987,179.99209594726562
1056652,60531,23060,900.0,4,PGC54685,229.81933,-41.23157,179.98959350585938
1056652,60531,23061,900.0,5,PGC54685,229.82732,-41.23157,179.98919677734375
1056652,60531,23062,900.0,6,PGC54685,229.8193,-41.23504,179.99630737304688
1056652,60531,23063,900.0,7,PGC54685,229.8273,-41.23503,179.9864959716797
1056652,60531,23064,900.0,8,PGC54685,229.82329,-41.23675,179.99569702148438
1056300,60554,24534,900.0,0,IC4721,278.60286,-58.49661,179.99319458007812
1056300,60554,24535,900.0,1,IC4721,278.60847,-58.50177,179.98179626464844
1056300,60554,24536,900.0,2,IC4721,278.59704,-58.50178,179.96009826660156
1056300,60554,24537,900.0,3,IC4721,278.60279,-58.49313,179.97279357910156
1056300,60554,24538,900.0,4,IC4721,278.59705,-58.49484,179.9595947265625
1056300,60554,24539,900.0,5,IC4721,278.60852,-58.49486,179.9593963623047
1056300,60554,24540,900.0,6,IC4721,278.59698,-58.4983,179.95599365234375
1056300,60554,24541,900.0,7,IC4721,278.60848,-58.4983,179.95260620117188
1056581,60555,24605,900.0,0,NGC6215,252.77843,-58.99353,179.99429321289062
1056581,60555,24606,900.0,1,NGC6215,252.78418,-58.99865,179.97410583496094
1056581,60555,24607,900.0,2,NGC6215,252.7725,-58.99866,179.9958038330078
1056581,60555,24608,900.0,3,NGC6215,252.77836,-58.99002,179.97950744628906
1056581,60555,24609,900.0,4,NGC6215,252.77255,-58.99172,179.97689819335938
1056581,60555,24610,900.0,5,NGC6215,252.78424,-58.99172,179.9875030517578
1056581,60555,24611,900.0,6,NGC6215,252.77254,-58.99524,179.97030639648438
1056581,60555,24613,900.0,7,NGC6215,252.78419,-58.99521,179.98959350585938
1056581,60555,24614,900.0,8,NGC6215,252.77837,-58.99689,179.9788055419922
1056582,60556,24673,900.0,0,NGC6221,253.19305,-59.217,179.99229431152344
1056582,60556,24674,900.0,1,NGC6221,253.19892,-59.22217,179.95350646972656
1056582,60556,24675,900.0,2,NGC6221,253.18713,-59.22212,179.98280334472656
1056582,60556,24676,900.0,3,NGC6221,253.19303,-59.21351,179.98089599609375
1056582,60556,24677,900.0,4,NGC6221,253.18718,-59.2152,179.98190307617188
1056582,60556,24678,900.0,5,NGC6221,253.1989,-59.2152,179.9510040283203
1056582,60556,24679,900.0,6,NGC6221,253.18715,-59.21867,179.98770141601562
1056582,60556,24680,900.0,7,NGC6221,253.19893,-59.21868,179.9586944580078
1056582,60556,24681,900.0,8,NGC6221,253.19302,-59.2204,179.9700927734375
1056654,60557,24732,900.0,0,PGC65017,308.82531,-49.86551,179.98289489746094
1056654,60557,24733,900.0,1,PGC65017,308.82991,-49.87072,179.96420288085938
1056654,60557,24734,900.0,2,PGC65017,308.8206,-49.87071,179.9582061767578
1056654,60557,24735,900.0,3,PGC65017,308.82528,-49.86206,179.97970581054688
1056654,60557,24736,900.0,4,PGC65017,308.82061,-49.86375,179.972900390625
1056654,60557,24737,900.0,5,PGC65017,308.82991,-49.86375,179.960205078125
1056654,60557,24738,900.0,6,PGC65017,308.82061,-49.86723,179.97219848632812
1056654,60557,24739,900.0,7,PGC65017,308.8299,-49.86725,179.9658966064453
1056654,60557,24740,900.0,8,PGC65017,308.82523,-49.86892,179.96470642089844
1056653,60558,24802,900.0,0,PGC59373,254.76234,-60.21609,179.97059631347656
1056653,60558,24803,900.0,1,PGC59373,254.76835,-60.22123,179.9759063720703
1056653,60558,24805,900.0,2,PGC59373,254.75623,-60.2212,179.970703125
1056653,60558,24806,900.0,3,PGC59373,254.76228,-60.21256,179.95480346679688
1056653,60558,24807,900.0,4,PGC59373,254.75625,-60.21425,179.96429443359375
1056653,60558,24808,900.0,5,PGC59373,254.76836,-60.21428,179.98069763183594
1056653,60558,24810,900.0,7,PGC59373,254.76835,-60.21777,179.9803009033203
1056653,60558,24811,900.0,8,PGC59373,254.76228,-60.21947,179.98390197753906
1056585,60559,24859,900.0,0,NGC6300,259.24787,-62.82063,179.99099731445312
1056585,60559,24860,900.0,1,NGC6300,259.25437,-62.82575,179.97760009765625
1056585,60559,24861,900.0,2,NGC6300,259.24118,-62.82574,179.98550415039062
1056585,60559,24862,900.0,3,NGC6300,259.24779,-62.81708,179.9770050048828
1056585,60559,24863,900.0,4,NGC6300,259.24123,-62.81882,179.98269653320312
1056585,60559,24864,900.0,5,NGC6300,259.25437,-62.81881,179.9644012451172
1056585,60559,24865,900.0,6,NGC6300,259.24123,-62.82228,179.9813995361328
1056585,60559,24866,900.0,7,NGC6300,259.25436,-62.82229,179.96499633789062
1056585,60559,24867,900.0,8,NGC6300,259.24777,-62.82403,179.9853057861328
1056588,60560,24920,900.0,1,NGC6744,287.44807,-63.86297,179.98809814453125
1056588,60560,24921,900.0,2,NGC6744,287.43439,-63.86296,180.0019073486328
1056588,60560,24923,900.0,4,NGC6744,287.43441,-63.85604,179.9927978515625
1056588,60560,24924,900.0,5,NGC6744,287.44806,-63.85604,179.9801025390625
1056588,60560,24925,900.0,6,NGC6744,287.43442,-63.85952,179.98060607910156
1056588,60560,24926,900.0,7,NGC6744,287.44806,-63.85952,179.9803009033203
1056588,60560,24927,900.0,8,NGC6744,287.44121,-63.86123,179.98779296875
1056587,60561,24976,900.0,0,NGC6684,282.24135,-65.17338,179.97430419921875
1056587,60561,24977,900.0,1,NGC6684,282.24841,-65.17854,179.96640014648438
1056587,60561,24978,900.0,2,NGC6684,282.23408,-65.17853,179.97019958496094
1056587,60561,24979,900.0,3,NGC6684,282.24127,-65.16989,179.97230529785156
1056587,60561,24980,900.0,4,NGC6684,282.23409,-65.1716,179.97549438476562
1056587,60561,24981,900.0,5,NGC6684,282.24837,-65.1716,179.9777069091797
1056587,60561,24982,900.0,6,NGC6684,282.23406,-65.17508,179.977294921875
1056587,60561,24983,900.0,7,NGC6684,282.24835,-65.17508,179.96910095214844
1056587,60561,24984,900.0,8,NGC6684,282.2412,-65.1768,179.9676055908203
1056588,60561,24987,900.0,0,NGC6744,287.44118,-63.85784,179.97360229492188
1056588,60561,24988,900.0,3,NGC6744,287.44121,-63.85433,179.96949768066406
1056255,60585,26796,900.0,0,NGC55,3.18063,-39.1957,180.31539916992188
1056255,60585,26797,900.0,1,NGC55,3.18447,-39.20091,180.28070068359375
1056255,60585,26798,900.0,2,NGC55,3.17672,-39.20088,180.24830627441406
1056255,60585,26799,900.0,3,NGC55,3.18066,-39.19224,180.28700256347656
1056255,60585,26800,900.0,4,NGC55,3.17677,-39.19394,180.26950073242188
1056255,60585,26801,900.0,5,NGC55,3.18451,-39.19396,180.2415008544922
1056255,60585,26802,900.0,6,NGC55,3.17673,-39.19744,180.29840087890625
1056255,60585,26803,900.0,7,NGC55,3.18449,-39.19744,180.2729034423828
1056255,60585,26804,900.0,8,NGC55,3.18056,-39.19911,180.25779724121094
1056253,60586,26864,900.0,0,NGC55,3.45094,-39.56123,180.0926971435547
1056253,60586,26866,900.0,1,NGC55,3.45481,-39.56644,180.0955047607422
1056253,60586,26867,900.0,2,NGC55,3.44703,-39.56641,180.10009765625
1056253,60586,26868,900.0,3,NGC55,3.45091,-39.55778,180.1136932373047
1056253,60586,26869,900.0,4,NGC55,3.44697,-39.55948,180.09469604492188
1056253,60586,26870,900.0,5,NGC55,3.45477,-39.5595,180.06829833984375
1056253,60586,26872,900.0,7,NGC55,3.45476,-39.56296,180.08200073242188
1056253,60586,26873,900.0,8,NGC55,3.4509,-39.56467,180.06700134277344
1056411,60700,33430,900.0,0,NGC3109,150.77998,-26.15999,179.94720458984375
1056411,60701,33473,900.0,1,NGC3109,150.78331,-26.16513,179.97140502929688
1056411,60701,33474,900.0,2,NGC3109,150.77664,-26.16517,179.9582977294922
1056411,60701,33475,900.0,3,NGC3109,150.77998,-26.15655,179.94309997558594
1056411,60701,33476,900.0,4,NGC3109,150.77664,-26.15827,179.9730987548828
1056411,60701,33477,900.0,5,NGC3109,150.78334,-26.15823,179.94979858398438
1056411,60701,33478,900.0,6,NGC3109,150.77665,-26.16173,179.94920349121094
1056411,60701,33479,900.0,7,NGC3109,150.78336,-26.16173,179.9311981201172
1056411,60701,33480,900.0,8,NGC3109,150.78001,-26.16347,179.93719482421875
1056552,60701,33487,900.0,0,NGC5102,200.49079,-36.62966,179.9656982421875
1056552,60702,33537,900.0,1,NGC5102,200.49453,-36.63485,179.9774932861328
1056552,60702,33538,900.0,2,NGC5102,200.48705,-36.63492,179.96890258789062
1056552,60702,33539,900.0,3,NGC5102,200.49082,-36.62626,179.93890380859375
1056552,60702,33540,900.0,4,NGC5102,200.48711,-36.62797,179.93060302734375
1056552,60702,33541,900.0,5,NGC5102,200.49456,-36.62797,179.89549255371094
1056552,60702,33542,900.0,6,NGC5102,200.48708,-36.63147,179.89149475097656
1056552,60702,33543,900.0,7,NGC5102,200.4946,-36.63148,179.96910095214844
1056552,60702,33544,900.0,8,NGC5102,200.49081,-36.63316,179.9615936279297
1056557,60703,33601,900.0,0,NGC5253,204.9825,-31.63991,179.95069885253906
1056557,60704,33649,900.0,1,NGC5253,204.98597,-31.6451,179.95359802246094
1056557,60704,33650,900.0,2,NGC5253,204.97896,-31.64518,179.9311981201172
1056557,60704,33651,900.0,3,NGC5253,204.9825,-31.63655,179.9091033935547
1056557,60704,33652,900.0,4,NGC5253,204.97898,-31.63823,179.8896942138672
1056557,60704,33653,900.0,5,NGC5253,204.98603,-31.63823,179.85150146484375
1056557,60704,33654,900.0,6,NGC5253,204.97898,-31.64174,179.83990478515625
1056557,60704,33655,900.0,7,NGC5253,204.98602,-31.64172,179.80819702148438
1056557,60704,33656,900.0,8,NGC5253,204.9825,-31.64,180.0
1056267,60704,33658,900.0,0,ESO324-024,201.90583,-41.48051,179.95489501953125
1056267,60706,33724,900.0,1,ESO324-024,201.9098,-41.48572,179.96749877929688
1056267,60706,33725,900.0,2,ESO324-024,201.90182,-41.48577,179.9481964111328
1056267,60706,33726,900.0,3,ESO324-024,201.90585,-41.4771,179.9302978515625
1056267,60706,33727,900.0,4,ESO324-024,201.90182,-41.47882,179.91380310058594
1056267,60706,33728,900.0,5,ESO324-024,201.90983,-41.47882,179.88380432128906
1056267,60706,33729,900.0,6,ESO324-024,201.90184,-41.4823,179.8784942626953
1056267,60706,33730,900.0,7,ESO324-024,201.90985,-41.48229,179.8563995361328
1056267,60706,33731,900.0,8,ESO324-024,201.90585,-41.48399,179.84019470214844
1056270,60706,33735,900.0,0,ESO383-087,207.3283,-36.06132,179.9739990234375
1056270,60707,33779,900.0,1,ESO383-087,207.33198,-36.06652,179.94439697265625
1056270,60707,33780,900.0,2,ESO383-087,207.32459,-36.06659,179.92689514160156
1056270,60707,33781,900.0,3,ESO383-087,207.32834,-36.05793,179.9051971435547
1056270,60707,33782,900.0,4,ESO383-087,207.32462,-36.05965,179.8867950439453
1056270,60707,33783,900.0,5,ESO383-087,207.33205,-36.05963,179.8549041748047
1056270,60707,33784,900.0,6,ESO383-087,207.32464,-36.06314,179.83970642089844
1056270,60707,33785,900.0,7,ESO383-087,207.33204,-36.06311,179.81089782714844
1056270,60707,33786,900.0,8,ESO383-087,207.32833,-36.06483,179.79530334472656
1056268,60707,33789,900.0,0,ESO325-011,206.25329,-41.85885,179.9633026123047
1056268,60707,33790,900.0,1,ESO325-011,206.25734,-41.86406,179.9459991455078
1056268,60708,33812,900.0,2,ESO325-011,206.24923,-41.86405,179.94769287109375
1056268,60708,33813,900.0,3,ESO325-011,206.25329,-41.85547,179.91749572753906
1056268,60708,33814,900.0,4,ESO325-011,206.24932,-41.85716,179.9051055908203
1056268,60708,33815,900.0,5,ESO325-011,206.25737,-41.85715,179.99819946289062
1056268,60708,33816,900.0,6,ESO325-011,206.24928,-41.86064,179.99319458007812
1056268,60708,33817,900.0,7,ESO325-011,206.25735,-41.86062,179.95860290527344
1056268,60708,33818,900.0,8,ESO325-011,206.25331,-41.86233,179.94129943847656
1056658,60708,33823,900.0,0,SexA,152.75331,-4.69282,179.981201171875
1056658,60708,33824,900.0,1,SexA,152.75634,-4.69794,179.9958953857422
1056658,60730,34928,900.0,2,SexA,152.75025,-4.69787,179.9438934326172
1056658,60730,34929,900.0,3,SexA,152.75328,-4.6893,179.89320373535156
1056658,60730,34930,900.0,4,SexA,152.7503,-4.69102,179.8511962890625
1056239,60730,34931,900.0,6,NGC4945,196.02883,-49.83739,180.106201171875
1056239,60730,34932,900.0,7,NGC4945,196.03817,-49.83742,180.0749969482422
1056239,60730,34933,900.0,8,NGC4945,196.03352,-49.8391,180.0717010498047
1056658,60730,34934,900.0,5,SexA,152.75634,-4.69105,179.9897003173828
1056658,60730,34935,900.0,6,SexA,152.75031,-4.69452,179.96560668945312
1056658,60730,34936,900.0,7,SexA,152.75634,-4.69449,179.94949340820312
1056658,60730,34937,900.0,8,SexA,152.75333,-4.69619,179.95030212402344
1056273,60730,34950,900.0,0,GR8,194.66833,14.21751,180.02200317382812
1056273,60730,34951,900.0,1,GR8,194.67139,14.21231,179.9980926513672
1056291,60730,34952,900.0,0,IC3104,184.69206,-79.72612,179.97169494628906
1056291,60731,34989,900.0,1,IC3104,184.7089,-79.73128,179.96929931640625
1056291,60731,34990,900.0,2,IC3104,184.67527,-79.73134,179.9971923828125
1056291,60731,34991,900.0,3,IC3104,184.69211,-79.72268,179.97860717773438
1056291,60731,34992,900.0,4,IC3104,184.67536,-79.72437,179.9958038330078
1056291,60731,34993,900.0,5,IC3104,184.70892,-79.7244,179.95489501953125
1056291,60731,34994,900.0,6,IC3104,184.67526,-79.72787,179.9752960205078
1056273,60731,34995,900.0,2,GR8,194.66525,14.21229,179.9259033203125
1056273,60731,34999,900.0,6,GR8,194.66524,14.21574,179.88259887695312
1056653,60731,35002,900.0,6,PGC59373,254.75624,-60.21776,179.9407958984375
1056291,60731,35003,900.0,7,IC3104,184.70881,-79.72788,179.9488983154297
1056291,60731,35004,900.0,8,IC3104,184.69196,-79.72959,179.95750427246094
1056564,60731,35005,900.0,0,NGC5556,215.14169,-29.24189,179.97259521484375
1056564,60732,35045,900.0,1,NGC5556,215.14506,-29.24705,179.95050048828125
1056564,60732,35046,900.0,2,NGC5556,215.13826,-29.2471,179.96600341796875
1056564,60732,35047,900.0,3,NGC5556,215.14174,-29.23843,179.97560119628906
1056564,60732,35048,900.0,4,NGC5556,215.13825,-29.24015,179.98460388183594
1056564,60732,35049,900.0,5,NGC5556,215.14511,-29.24016,179.9875030517578
1056564,60732,35050,900.0,6,NGC5556,215.13827,-29.24363,179.9842071533203
1056564,60732,35051,900.0,7,NGC5556,215.14514,-29.24363,179.98280334472656
1056564,60732,35052,900.0,8,NGC5556,215.14169,-29.24532,179.98460388183594
1056562,60732,35058,900.0,0,NGC5398,210.34248,-33.0644,179.9654998779297
1056562,60732,35059,900.0,1,NGC5398,210.34607,-33.06962,179.966796875
1056562,60732,35060,900.0,2,NGC5398,210.33887,-33.06962,179.97459411621094
1056562,60733,35133,900.0,3,NGC5398,210.34241,-33.06091,179.96519470214844
1056562,60733,35134,900.0,4,NGC5398,210.33883,-33.06271,179.94189453125
1056562,60733,35135,900.0,5,NGC5398,210.34604,-33.06269,179.90089416503906
1056562,60733,35136,900.0,6,NGC5398,210.33891,-33.06618,179.8907012939453
1056562,60733,35137,900.0,7,NGC5398,210.34608,-33.06616,179.85470581054688
1056562,60733,35138,900.0,8,NGC5398,210.34252,-33.06787,179.84500122070312
1056555,60733,35145,900.0,0,NGC5236,204.25043,-29.86778,179.9541015625
1056555,60733,35146,900.0,1,NGC5236,204.25385,-29.87296,179.9530029296875
1056555,60733,35147,900.0,2,NGC5236,204.24691,-29.87297,179.97169494628906
1056555,60734,35186,900.0,3,NGC5236,204.25039,-29.86427,179.96209716796875
1056555,60734,35187,900.0,4,NGC5236,204.24688,-29.86604,179.9355926513672
1056555,60734,35188,900.0,5,NGC5236,204.2539,-29.86601,179.88909912109375
1056555,60734,35189,900.0,6,NGC5236,204.24695,-29.8695,179.9792938232422
1056555,60734,35190,900.0,7,NGC5236,204.25381,-29.8695,179.94410705566406
1056555,60734,35191,900.0,8,NGC5236,204.25039,-29.87122,179.92320251464844
1056673,60735,35253,900.0,0,UGCA394,221.85071,-17.44553,179.95469665527344
1056673,60735,35254,900.0,1,UGCA394,221.85387,-17.45076,179.93910217285156
1056673,60735,35255,900.0,2,UGCA394,221.84757,-17.45075,179.9517059326172
1056673,60736,35298,900.0,3,UGCA394,221.85066,-17.44206,179.95730590820312
1056673,60736,35299,900.0,4,UGCA394,221.84754,-17.4438,179.92019653320312
1056673,60736,35300,900.0,5,UGCA394,221.85384,-17.4438,179.87229919433594
1056673,60736,35301,900.0,6,UGCA394,221.84754,-17.44729,179.8437042236328
1056673,60736,35302,900.0,7,UGCA394,221.85386,-17.44726,179.79969787597656
1056673,60736,35303,900.0,8,UGCA394,221.8507,-17.449,179.7711944580078
1056563,60736,35310,900.0,0,NGC5530,214.6133,-43.38828,179.9571075439453
1056563,60736,35311,900.0,1,NGC5530,214.61743,-43.39349,179.9434051513672
1056563,60736,35312,900.0,2,NGC5530,214.60914,-43.39348,179.96119689941406
1056563,60737,35358,900.0,3,NGC5530,214.61325,-43.38483,179.98159790039062
1056563,60737,35359,900.0,4,NGC5530,214.60915,-43.38658,179.96119689941406
1056563,60737,35360,900.0,5,NGC5530,214.61745,-43.38659,179.92649841308594
1056563,60737,35361,900.0,6,NGC5530,214.60919,-43.39005,179.9199981689453
1056563,60737,35362,900.0,7,NGC5530,214.61744,-43.39004,179.88900756835938
1056563,60737,35363,900.0,8,NGC5530,214.61331,-43.39175,179.88209533691406
1056273,60737,35364,900.0,3,GR8,194.66832,14.22093,179.93490600585938
1056273,60737,35365,900.0,4,GR8,194.66523,14.2192,179.89089965820312
1056273,60737,35366,900.0,5,GR8,194.67144,14.21921,179.83920288085938
1056273,60737,35367,900.0,7,GR8,194.67143,14.21573,179.8997039794922
1056273,60737,35368,900.0,8,GR8,194.66832,14.21403,179.9040985107422
1056565,60737,35374,900.0,0,NGC5643,218.16992,-44.1746,179.97650146484375
1056565,60737,35375,900.0,1,NGC5643,218.17409,-44.17979,179.9718017578125
1056565,60738,35459,900.0,3,NGC5643,218.16984,-44.17116,179.96420288085938
1056565,60738,35460,900.0,4,NGC5643,218.16571,-44.17292,179.94659423828125
1056565,60738,35461,900.0,5,NGC5643,218.17414,-44.17291,179.92100524902344
1056565,60738,35462,900.0,6,NGC5643,218.16571,-44.17637,179.98440551757812
1056565,60738,35463,900.0,7,NGC5643,218.1741,-44.17637,179.95779418945312
1056565,60738,35464,900.0,8,NGC5643,218.16992,-44.17807,179.94180297851562
1056295,60738,35476,900.0,0,IC4390,214.24659,-44.97736,179.96670532226562
1056295,60738,35477,900.0,1,IC4390,214.25081,-44.98255,179.96380615234375
1056295,60738,35478,900.0,2,IC4390,214.24231,-44.98257,179.9864044189453
1056295,60759,37922,900.0,3,IC4390,214.24661,-44.97392,179.9665069580078
1056295,60759,37923,900.0,4,IC4390,214.24237,-44.97566,179.9553985595703
1056295,60759,37924,900.0,5,IC4390,214.25081,-44.97567,179.92970275878906
1056295,60760,37949,900.0,6,IC4390,214.2423,-44.97908,179.968505859375
1056295,60760,37950,900.0,7,IC4390,214.25084,-44.97913,179.9311981201172
1056295,60760,37951,900.0,8,IC4390,214.2466,-44.98083,179.91470336914062
1056565,60760,37952,900.0,2,NGC5643,218.16573,-44.17981,179.9488983154297
1056626,60760,37962,900.0,0,PGC165693,250.76126,-20.66899,179.9049072265625
1056626,60760,37963,900.0,1,PGC165693,250.76448,-20.67422,179.88949584960938
1056626,60761,38018,900.0,2,PGC165693,250.75802,-20.67416,179.96270751953125
1056626,60761,38019,900.0,3,PGC165693,250.76127,-20.66555,179.93040466308594
1056626,60761,38020,900.0,4,PGC165693,250.75806,-20.66726,179.90029907226562
1056626,60761,38021,900.0,5,PGC165693,250.76448,-20.66725,179.85549926757812
1056626,60761,38022,900.0,6,PGC165693,250.75805,-20.67073,179.951904296875
1056626,60761,38023,900.0,7,PGC165693,250.76446,-20.67074,179.91299438476562
1056626,60761,38024,900.0,8,PGC165693,250.76127,-20.67247,179.96800231933594
1056579,60761,38029,900.0,0,NGC5916,230.40792,-13.16939,179.88710021972656
1056579,60762,38097,900.0,1,NGC5916,230.41095,-13.17449,179.93179321289062
1056579,60762,38098,900.0,2,NGC5916,230.40483,-13.17452,179.90260314941406
1056579,60762,38099,900.0,3,NGC5916,230.4079,-13.16589,179.8553009033203
1056579,60762,38100,900.0,4,NGC5916,230.40483,-13.16761,179.82269287109375
1056579,60762,38101,900.0,5,NGC5916,230.41099,-13.16758,179.76800537109375
1056579,60762,38102,900.0,6,NGC5916,230.40483,-13.17109,179.73789978027344
1056579,60762,38103,900.0,7,NGC5916,230.41101,-13.17106,179.69149780273438
1056579,60762,38104,900.0,8,NGC5916,230.40793,-13.17279,179.6614990234375
1056263,60762,38115,900.0,0,ESO223-009,225.28542,-48.29249,179.9801025390625
1056263,60762,38116,900.0,1,ESO223-009,225.28993,-48.29769,179.95899963378906
1056263,60763,38141,900.0,2,ESO223-009,225.28084,-48.29768,179.9700927734375
1056263,60763,38142,900.0,3,ESO223-009,225.28542,-48.28908,179.95269775390625
1056263,60763,38143,900.0,4,ESO223-009,225.28094,-48.29078,179.93719482421875
1056263,60763,38144,900.0,5,ESO223-009,225.28996,-48.29078,179.91470336914062
1056263,60763,38145,900.0,6,ESO223-009,225.28092,-48.29426,179.90460205078125
1056263,60763,38146,900.0,7,ESO223-009,225.28996,-48.29425,179.88150024414062
1056263,60763,38147,900.0,8,ESO223-009,225.28542,-48.29597,179.9862060546875
1056264,60763,38162,900.0,0,ESO273-014,224.62623,-47.69866,179.9407958984375
1056264,60763,38163,900.0,1,ESO273-014,224.63068,-47.7038,179.9405975341797
1056264,60763,38164,900.0,2,ESO273-014,224.62177,-47.70379,179.95480346679688
1056264,60764,38200,900.0,3,ESO273-014,224.62621,-47.69518,179.96310424804688
1056264,60764,38201,900.0,4,ESO273-014,224.62179,-47.6969,179.94349670410156
1056264,60764,38202,900.0,5,ESO273-014,224.63075,-47.69688,179.9217071533203
1056264,60764,38203,900.0,6,ESO273-014,224.62182,-47.70036,179.90980529785156
1056264,60764,38204,900.0,7,ESO273-014,224.63073,-47.70035,179.8874969482422
1056264,60764,38205,900.0,8,ESO273-014,224.62626,-47.70207,179.87350463867188
1056651,60764,38221,900.0,0,PGC54106,227.3705,-52.55546,179.95449829101562
1056651,60764,38222,900.0,1,PGC54106,227.37544,-52.56065,179.9407958984375
1056651,60765,38258,900.0,2,PGC54106,227.36553,-52.56068,179.94419860839844
1056651,60765,38259,900.0,3,PGC54106,227.37056,-52.55205,179.9243927001953
1056651,60765,38260,900.0,4,PGC54106,227.36567,-52.55377,179.91490173339844
1056651,60765,38261,900.0,5,PGC54106,227.37053,-52.55547,180.0
1056651,60765,38262,900.0,6,PGC54106,227.36561,-52.55721,179.88380432128906
1056651,60765,38263,900.0,7,PGC54106,227.37549,-52.55723,179.8542022705078
1056651,60765,38264,900.0,8,PGC54106,227.37056,-52.55896,179.960693359375
1056262,60765,38280,900.0,0,ESO137-018,245.24706,-60.48751,179.93150329589844
1056262,60766,38319,900.0,1,ESO137-018,245.25318,-60.49271,179.90660095214844
1056262,60766,38320,900.0,2,ESO137-018,245.24102,-60.49273,179.93170166015625
1056262,60766,38321,900.0,3,ESO137-018,245.24715,-60.4841,179.91360473632812
1056262,60766,38322,900.0,4,ESO137-018,245.24101,-60.4858,179.97259521484375
1056262,60766,38323,900.0,5,ESO137-018,245.25319,-60.48579,179.9228973388672
1056262,60766,38324,900.0,6,ESO137-018,245.241,-60.48928,179.94290161132812
1056262,60766,38325,900.0,7,ESO137-018,245.25319,-60.48926,179.89999389648438
1056262,60766,38326,900.0,8,ESO137-018,245.24711,-60.49096,179.90769958496094
1056650,60766,38338,900.0,0,PGC52371,219.8273,-52.22588,179.96629333496094
1056650,60766,38339,900.0,1,PGC52371,219.8322,-52.23102,179.95339965820312
1056650,60767,38373,900.0,2,PGC52371,219.82234,-52.23104,179.95480346679688
1056650,60767,38374,900.0,3,PGC52371,219.82737,-52.22244,179.9394073486328
1056650,60767,38376,900.0,4,PGC52371,219.82245,-52.22414,179.95989990234375
1056650,60767,38377,900.0,5,PGC52371,219.83224,-52.22415,179.93460083007812
1056650,60767,38378,900.0,6,PGC52371,219.82244,-52.22761,179.92730712890625
1056650,60767,38379,900.0,7,PGC52371,219.83225,-52.22761,179.90530395507812
1056650,60767,38380,900.0,8,PGC52371,219.82739,-52.22932,179.89520263671875
1056296,60767,38398,900.0,0,IC4402,215.30451,-46.29795,179.95599365234375
1056296,60767,38399,900.0,1,IC4402,215.30886,-46.30309,179.9423065185547
1056296,60767,38400,900.0,2,IC4402,215.3002,-46.3031,179.95590209960938
1056296,60789,39646,900.0,3,IC4402,215.3045,-46.29445,179.9720001220703
1056296,60789,39647,900.0,4,IC4402,215.30021,-46.2962,179.95620727539062
1056296,60789,39648,900.0,5,IC4402,215.30893,-46.29618,179.92880249023438
1056296,60789,39649,900.0,6,IC4402,215.30022,-46.29967,179.91720581054688
1056296,60789,39650,900.0,7,IC4402,215.30892,-46.29966,179.89149475097656
1056296,60789,39651,900.0,8,IC4402,215.30458,-46.30137,179.8762969970703
1056304,60789,39674,900.0,5,IC5152,330.67934,-51.29355,179.99960327148438
1056304,60789,39675,900.0,7,IC5152,330.67941,-51.29704,179.9738006591797
1056304,60789,39676,900.0,8,IC5152,330.6746,-51.29876,179.95889282226562
1056298,60789,39679,900.0,0,IC4710,277.15836,-66.98222,179.9777069091797
1056298,60790,39722,900.0,1,IC4710,277.16612,-66.98748,179.95809936523438
1056298,60790,39723,900.0,2,IC4710,277.15072,-66.98744,179.94769287109375
1056298,60790,39724,900.0,3,IC4710,277.15838,-66.9788,179.93629455566406
1056298,60790,39725,900.0,4,IC4710,277.1507,-66.98052,179.94830322265625
1056298,60790,39726,900.0,5,IC4710,277.16605,-66.98051,179.91749572753906
1056298,60790,39727,900.0,6,IC4710,277.15065,-66.984,179.9217071533203
1056298,60790,39728,900.0,7,IC4710,277.16604,-66.98399,179.91909790039062
1056298,60790,39730,900.0,8,IC4710,277.15837,-66.9857,180.00079345703125
1056593,60790,39740,900.0,0,NGC7090,324.11912,-54.55718,179.97979736328125
1056593,60791,39793,900.0,1,NGC7090,324.12434,-54.56242,179.9696044921875
1056593,60791,39794,900.0,2,NGC7090,324.11405,-54.56246,179.9833984375
1056593,60791,39795,900.0,3,NGC7090,324.11918,-54.5538,180.00039672851562
1056593,60791,39796,900.0,4,NGC7090,324.11401,-54.55551,180.002197265625
1056593,60791,39797,900.0,5,NGC7090,324.12437,-54.5555,179.976806640625
1056593,60792,39850,900.0,6,NGC7090,324.11397,-54.559,179.970703125
1056593,60792,39851,900.0,7,NGC7090,324.12441,-54.559,179.93080139160156
1056593,60792,39852,900.0,8,NGC7090,324.11922,-54.5607,179.9268035888672
1056302,60792,39858,900.0,0,IC5078,315.63015,-16.81808,179.92689514160156
1056302,60793,39911,900.0,1,IC5078,315.63325,-16.82327,179.94590759277344
1056302,60793,39912,900.0,2,IC5078,315.62701,-16.82331,179.91720581054688
1056302,60793,39913,900.0,3,IC5078,315.63014,-16.81468,179.8780059814453
1056302,60793,39914,900.0,4,IC5078,315.62702,-16.81637,179.8424072265625
1056302,60793,39915,900.0,5,IC5078,315.63328,-16.81638,179.79710388183594
1056302,60793,39916,900.0,6,IC5078,315.62702,-16.81987,179.77430725097656
1056595,60794,39979,900.0,0,NGC7213,332.31748,-47.16667,179.93240356445312
1056595,60794,39980,900.0,1,NGC7213,332.32196,-47.17188,179.90570068359375
1056595,60795,40028,900.0,2,NGC7213,332.31316,-47.17188,179.9403076171875
1056302,60818,41167,900.0,7,IC5078,315.63327,-16.81982,179.94769287109375
1056302,60818,41168,900.0,8,IC5078,315.63016,-16.82156,179.91319274902344
1056595,60818,41169,900.0,3,NGC7213,332.31755,-47.16329,179.96929931640625
1056595,60818,41170,900.0,4,NGC7213,332.31315,-47.16498,179.95599365234375
1056595,60818,41171,900.0,5,NGC7213,332.32199,-47.16497,179.93150329589844
1056595,60818,41172,900.0,6,NGC7213,332.31315,-47.16844,179.9188995361328
1056595,60818,41173,900.0,7,NGC7213,332.32198,-47.16844,179.89439392089844
1056595,60818,41174,900.0,8,NGC7213,332.31754,-47.17015,179.8802032470703
1056405,60824,41469,900.0,0,NGC2915,141.54794,-76.62642,179.97669982910156
1056405,60824,41470,900.0,1,NGC2915,141.56085,-76.63159,179.96560668945312
1056405,60824,41471,900.0,2,NGC2915,141.53484,-76.63158,179.96189880371094
1056405,60824,41472,900.0,3,NGC2915,141.54784,-76.62295,179.95419311523438
1056405,60824,41473,900.0,4,NGC2915,141.53488,-76.62466,179.95919799804688
1056405,60824,41474,900.0,5,NGC2915,141.56088,-76.62465,179.9582061767578
1056405,60824,41475,900.0,6,NGC2915,141.53491,-76.62812,179.96339416503906
1056405,60824,41476,900.0,7,NGC2915,141.5609,-76.62813,179.96090698242188
1056405,60824,41477,900.0,8,NGC2915,141.54789,-76.62983,179.94549560546875
1056637,60825,41531,900.0,0,PGC32369,162.30698,-31.30498,179.95689392089844
1056637,60825,41532,900.0,1,PGC32369,162.31046,-31.3101,179.947998046875
1056637,60825,41533,900.0,2,PGC32369,162.30341,-31.31009,179.9591064453125
1056637,60825,41534,900.0,3,PGC32369,162.30694,-31.30149,179.96749877929688
1056637,60825,41535,900.0,4,PGC32369,162.30342,-31.30319,179.98069763183594
1056637,60825,41536,900.0,5,PGC32369,162.31047,-31.30318,179.9853057861328
1056637,60825,41537,900.0,6,PGC32369,162.30343,-31.30666,179.98899841308594
1056637,60825,41538,900.0,7,PGC32369,162.31047,-31.30667,179.9813995361328
1056637,60825,41539,900.0,8,PGC32369,162.30693,-31.30836,179.99639892578125
1056429,60826,41594,900.0,0,NGC3621,169.56713,-32.81173,179.98390197753906
1056429,60826,41595,900.0,1,NGC3621,169.57066,-32.81684,179.9718017578125
1056429,60826,41596,900.0,2,NGC3621,169.56349,-32.81684,179.97760009765625
1056429,60826,41597,900.0,3,NGC3621,169.56708,-32.8082,179.98089599609375
1056429,60826,41598,900.0,4,NGC3621,169.5635,-32.80992,179.9862060546875
1056429,60826,41599,900.0,5,NGC3621,169.57065,-32.80992,179.98150634765625
1056429,60826,41600,900.0,6,NGC3621,169.56351,-32.81339,179.9853973388672
1056429,60847,42546,900.0,7,NGC3621,169.57069,-32.81348,179.9759979248047
1056429,60847,42547,900.0,8,NGC3621,169.56707,-32.81512,179.99020385742188
1056642,60848,42609,900.0,0,PGC38799,182.78246,-31.12711,179.95899963378906
1056642,60848,42610,900.0,1,PGC38799,182.78593,-31.13223,179.9541015625
1056642,60848,42611,900.0,2,PGC38799,182.77893,-31.13223,179.96560668945312
1056642,60848,42612,900.0,3,PGC38799,182.78241,-31.12357,179.96890258789062
1056642,60848,42613,900.0,4,PGC38799,182.77891,-31.12528,179.98300170898438
1056642,60848,42614,900.0,5,PGC38799,182.78594,-31.12531,179.97850036621094
1056642,60848,42615,900.0,6,PGC38799,182.77893,-31.1288,179.9853973388672
1056642,60848,42616,900.0,7,PGC38799,182.78594,-31.1288,179.9835968017578
1056642,60848,42617,900.0,8,PGC38799,182.78243,-31.13052,179.99330139160156
1056548,60849,42672,900.0,0,NGC5042,198.88063,-23.98246,179.93670654296875
1056548,60849,42673,900.0,1,NGC5042,198.88389,-23.9876,179.918701171875
1056548,60849,42674,900.0,2,NGC5042,198.87729,-23.98759,179.91799926757812
1056548,60849,42675,900.0,3,NGC5042,198.88058,-23.97892,179.91720581054688
1056548,60849,42676,900.0,4,NGC5042,198.87729,-23.98065,179.9167022705078
1056548,60849,42677,900.0,5,NGC5042,198.88388,-23.98065,179.90780639648438
1056548,60849,42678,900.0,6,NGC5042,198.87728,-23.98416,179.92010498046875
1056548,60849,42679,900.0,7,NGC5042,198.88388,-23.98417,179.91839599609375
1056548,60849,42680,900.0,8,NGC5042,198.88059,-23.98588,179.9425048828125
1056671,60850,42736,900.0,0,UGCA348,199.96668,-22.27892,179.9427947998047
1056671,60850,42737,900.0,1,UGCA348,199.96989,-22.28404,179.91700744628906
1056671,60850,42738,900.0,2,UGCA348,199.96338,-22.28407,179.91830444335938
1056671,60850,42739,900.0,3,UGCA348,199.96663,-22.2754,179.9176025390625
1056671,60850,42740,900.0,4,UGCA348,199.96339,-22.27713,179.9114990234375
1056671,60850,42741,900.0,5,UGCA348,199.96988,-22.27714,179.90609741210938
1056671,60850,42742,900.0,6,UGCA348,199.96339,-22.28063,179.9221954345703
1056671,60850,42743,900.0,7,UGCA348,199.96989,-22.2806,179.9228973388672
1056671,60850,42744,900.0,8,UGCA348,199.96665,-22.28231,179.9429931640625
1056551,60851,42800,900.0,0,NGC5084,200.07054,-21.82763,179.95010375976562
1056551,60851,42801,900.0,1,NGC5084,200.07374,-21.83274,179.9282989501953
1056551,60851,42803,900.0,3,NGC5084,200.07051,-21.82409,179.92059326171875
1056551,60851,42804,900.0,4,NGC5084,200.06732,-21.82586,180.0
1056551,60851,42805,900.0,5,NGC5084,200.07374,-21.82582,179.91610717773438
1056551,60851,42806,900.0,6,NGC5084,200.06727,-21.82931,179.93150329589844
1056551,60851,42807,900.0,7,NGC5084,200.07375,-21.82933,179.9344024658203
1056551,60851,42808,900.0,8,NGC5084,200.07052,-21.83106,179.9528045654297
1056551,60853,42856,900.0,2,NGC5084,200.0673,-21.83282,179.9355926513672
1056550,60853,42857,900.0,0,NGC5068,199.73041,-21.03916,179.9102020263672
1056550,60853,42858,900.0,1,NGC5068,199.73362,-21.04433,179.89340209960938
1056550,60853,42859,900.0,2,NGC5068,199.72719,-21.04434,179.90370178222656
1056550,60853,42860,900.0,3,NGC5068,199.73041,-21.03571,179.90330505371094
1056550,60853,42861,900.0,4,NGC5068,199.72719,-21.03741,179.9178924560547
1056550,60853,42862,900.0,5,NGC5068,199.73363,-21.03741,179.91380310058594
1056550,60853,42863,900.0,6,NGC5068,199.72721,-21.04091,179.9385986328125
1056550,60853,42864,900.0,7,NGC5068,199.73363,-21.04091,179.94610595703125
1056550,60853,42865,900.0,8,NGC5068,199.73042,-21.04261,179.9709014892578
1056646,60877,43961,900.0,2,PGC47151,201.86456,-38.18172,179.95579528808594
1056646,60877,43963,900.0,4,PGC47151,201.86458,-38.17479,179.99209594726562
1056646,60877,43964,900.0,5,PGC47151,201.8722,-38.17479,179.97140502929688
1056646,60877,43966,900.0,7,PGC47151,201.8722,-38.17828,179.9759063720703
1056649,60878,43984,900.0,0,PGC49884,210.1934,-45.41859,179.97019958496094
1056649,60878,43985,900.0,1,PGC49884,210.19761,-45.42368,179.9615936279297
1056649,60878,43986,900.0,2,PGC49884,210.18906,-45.42364,179.97869873046875
1056649,60878,43987,900.0,3,PGC49884,210.19334,-45.41502,179.9821014404297
1056649,60878,43988,900.0,4,PGC49884,210.18907,-45.41674,179.97940063476562
1056649,60878,43989,900.0,5,PGC49884,210.19764,-45.41675,179.96670532226562
1056649,60878,43990,900.0,6,PGC49884,210.18909,-45.42024,179.99049377441406
1056649,60878,43991,900.0,7,PGC49884,210.19764,-45.42023,179.96780395507812
1056649,60878,43992,900.0,8,PGC49884,210.19334,-45.42195,179.99749755859375
1056672,60879,44037,900.0,1,UGCA353,201.17735,-19.70113,179.9799041748047
1056672,60879,44042,900.0,3,UGCA353,201.17416,-19.69254,179.98480224609375
1056672,60879,44043,900.0,4,UGCA353,201.17099,-19.69424,180.0240936279297
1056672,60880,44093,900.0,5,UGCA353,201.17736,-19.69429,179.94630432128906
1056672,60880,44094,900.0,6,UGCA353,201.17096,-19.69768,179.9720001220703
1056672,60880,44095,900.0,7,UGCA353,201.17735,-19.6977,179.985595703125
1056672,60880,44096,900.0,8,UGCA353,201.17415,-19.69942,179.9940948486328
1056546,60885,44282,900.0,1,NGC4988,197.48073,-43.11089,179.94180297851562
1056546,60885,44283,900.0,2,NGC4988,197.4725,-43.11081,179.94219970703125
1056546,60885,44284,900.0,3,NGC4988,197.47663,-43.10218,179.96839904785156
1056546,60885,44285,900.0,4,NGC4988,197.47251,-43.1039,179.98609924316406
1056546,60885,44286,900.0,5,NGC4988,197.48074,-43.1039,179.98629760742188
1056546,60885,44289,900.0,8,NGC4988,197.47664,-43.10907,180.00030517578125
1056646,60908,45118,900.0,0,PGC47151,201.86831,-38.17663,179.97520446777344
1056646,60908,45119,900.0,1,PGC47151,201.8722,-38.18173,179.96490478515625
1056661,60908,45121,900.0,0,UGC10985,267.01849,14.74144,179.8280029296875
1056661,60911,45227,900.0,2,UGC10985,267.01545,14.73614,179.84860229492188
1056661,60911,45228,900.0,3,UGC10985,267.01851,14.74486,179.81829833984375
1056661,60911,45229,900.0,4,UGC10985,267.0154,14.74314,179.80320739746094
1056661,60911,45230,900.0,5,UGC10985,267.02159,14.74318,179.789306640625
1056661,60911,45231,900.0,6,UGC10985,267.01539,14.7397,179.80140686035156
1056661,60911,45232,900.0,7,UGC10985,267.02158,14.73976,179.81109619140625
1056661,60911,45233,900.0,8,UGC10985,267.0185,14.73801,179.85360717773438
1056661,60913,45339,900.0,1,UGC10985,267.02165,14.73618,179.85629272460938
1056580,60913,45340,900.0,0,NGC5921,230.48564,5.07047,179.99380493164062
1056580,60913,45341,900.0,1,NGC5921,230.48869,5.06534,180.0128936767578
1056580,60913,45342,900.0,2,NGC5921,230.48269,5.0654,180.0
1056594,60914,45400,900.0,0,NGC7205,332.14287,-57.44261,179.9138946533203
1056594,60914,45401,900.0,1,NGC7205,332.14841,-57.44778,179.89669799804688
1056594,60914,45402,900.0,2,NGC7205,332.13724,-57.44776,179.89039611816406
1056594,60914,45403,900.0,3,NGC7205,332.14279,-57.43912,179.87969970703125
1056594,60914,45404,900.0,4,NGC7205,332.13726,-57.44083,179.86610412597656
1056594,60914,45405,900.0,5,NGC7205,332.14839,-57.44082,179.852294921875
1056594,60914,45406,900.0,6,NGC7205,332.1372,-57.44429,179.96560668945312
1056594,60914,45407,900.0,7,NGC7205,332.14837,-57.44429,179.9501953125
1056594,60914,45408,900.0,8,NGC7205,332.14278,-57.44601,179.9425048828125
1056596,60935,46192,900.0,0,NGC7233,333.95416,-45.84641,180.010498046875
1056596,60935,46193,900.0,1,NGC7233,333.95845,-45.8516,179.976806640625
1056596,60935,46194,900.0,2,NGC7233,333.94984,-45.85159,179.9665069580078
1056596,60935,46195,900.0,3,NGC7233,333.95414,-45.84296,179.943603515625
1056596,60935,46196,900.0,4,NGC7233,333.94984,-45.84467,179.9409942626953
1056596,60935,46197,900.0,5,NGC7233,333.95845,-45.84468,179.9918975830078
1056596,60935,46198,900.0,6,NGC7233,333.94982,-45.84814,179.98910522460938
1056596,60935,46199,900.0,7,NGC7233,333.95843,-45.84814,179.96200561523438
1056306,60936,46240,900.0,0,IC5201,335.23919,-46.03417,179.9705047607422
1056306,60936,46241,900.0,1,IC5201,335.24349,-46.03936,179.94509887695312
1056306,60936,46242,900.0,2,IC5201,335.23482,-46.03937,179.9355926513672
1056306,60936,46243,900.0,3,IC5201,335.23916,-46.03071,179.9268035888672
1056306,60936,46244,900.0,4,IC5201,335.23483,-46.03243,179.90679931640625
1056306,60936,46245,900.0,5,IC5201,335.24351,-46.03242,179.89019775390625
1056306,60936,46246,900.0,6,IC5201,335.23482,-46.03591,179.8769073486328
1056306,60936,46247,900.0,7,IC5201,335.24349,-46.03589,179.8607940673828
1056306,60936,46248,900.0,8,IC5201,335.23916,-46.0376,179.95480346679688
1056307,60937,46298,900.0,0,IC5240,340.46822,-44.76713,179.9553985595703
1056307,60937,46299,900.0,1,IC5240,340.47247,-44.77232,179.9102020263672
1056307,60937,46300,900.0,2,IC5240,340.46398,-44.77233,179.9102020263672
1056307,60937,46301,900.0,3,IC5240,340.46819,-44.76369,179.8885040283203
1056307,60937,46302,900.0,4,IC5240,340.46397,-44.76539,179.8730010986328
1056307,60937,46303,900.0,5,IC5240,340.47243,-44.76538,179.8361053466797
1056307,60937,46304,900.0,6,IC5240,340.46395,-44.76888,179.83619689941406
1056307,60937,46305,900.0,7,IC5240,340.47243,-44.76886,179.80650329589844
1056307,60937,46306,900.0,8,IC5240,340.4682,-44.77058,179.81179809570312
1056597,60938,46349,900.0,3,NGC7314,338.94245,-26.04695,179.7104949951172
1056597,60938,46350,900.0,4,NGC7314,338.93916,-26.04866,179.95379638671875
1056597,60938,46351,900.0,5,NGC7314,338.94582,-26.04869,179.92559814453125
1056597,60938,46352,900.0,6,NGC7314,338.93914,-26.05216,179.9145050048828
1056597,60938,46353,900.0,7,NGC7314,338.94582,-26.05216,179.89059448242188
1056597,60938,46354,900.0,8,NGC7314,338.94248,-26.05388,179.94459533691406
1056258,60939,46384,900.0,1,NGC55,3.45691,-38.83694,179.72210693359375
1056258,60939,46385,900.0,2,NGC55,3.44917,-38.83693,179.71530151367188
1056258,60939,46386,900.0,3,NGC55,3.45297,-38.82828,179.6829071044922
1056258,60939,46387,900.0,4,NGC55,3.44915,-38.83001,179.67239379882812
1056258,60939,46388,900.0,5,NGC55,3.45686,-38.82997,179.62840270996094
1056258,60939,46389,900.0,6,NGC55,3.44914,-38.83347,179.62210083007812
1056258,60939,46390,900.0,7,NGC55,3.45687,-38.83344,179.57789611816406
1056258,60939,46391,900.0,8,NGC55,3.45303,-38.83516,179.57679748535156
1056598,60940,46432,900.0,0,NGC7361,340.57673,-30.05524,179.98390197753906
1056598,60940,46433,900.0,1,NGC7361,340.58019,-30.06046,179.94500732421875
1056598,60940,46434,900.0,2,NGC7361,340.57324,-30.06049,179.92300415039062
1056598,60940,46435,900.0,3,NGC7361,340.5767,-30.05181,179.9049072265625
1056598,60940,46436,900.0,4,NGC7361,340.57325,-30.05355,179.8773956298828
1056598,60940,46437,900.0,5,NGC7361,340.58019,-30.05353,179.83880615234375
1056598,60940,46438,900.0,6,NGC7361,340.57323,-30.05703,179.82080078125
1056598,60940,46439,900.0,7,NGC7361,340.58019,-30.05701,179.79209899902344
1056598,60940,46440,900.0,8,NGC7361,340.57673,-30.05872,179.77540588378906
1056601,60942,46565,900.0,0,NGC7412,343.94071,-42.64195,179.97900390625
1056601,60942,46566,900.0,1,NGC7412,343.9448,-42.64714,179.9539031982422
1056601,60942,46567,900.0,2,NGC7412,343.93663,-42.64716,179.9425048828125
1056601,60942,46568,900.0,3,NGC7412,343.94066,-42.63851,179.92340087890625
1056601,60942,46569,900.0,4,NGC7412,343.93658,-42.64024,179.9073028564453
1056601,60942,46570,900.0,5,NGC7412,343.94475,-42.64021,179.8809051513672
1056601,60942,46571,900.0,6,NGC7412,343.93659,-42.6437,179.86839294433594
1056601,60942,46572,900.0,7,NGC7412,343.94477,-42.64368,179.8437957763672
1056601,60942,46573,900.0,8,NGC7412,343.94067,-42.64541,179.83200073242188
1056308,60943,46624,900.0,0,IC5267,344.30656,-43.39613,179.9698028564453
1056308,60943,46625,900.0,1,IC5267,344.31071,-43.40133,179.9387969970703
1056308,60943,46626,900.0,2,IC5267,344.30243,-43.40133,179.9591064453125
1056308,60943,46627,900.0,3,IC5267,344.30657,-43.39267,179.93359375
1056308,60943,46628,900.0,4,IC5267,344.30241,-43.3944,179.91769409179688
1056308,60943,46629,900.0,5,IC5267,344.31068,-43.3944,179.87049865722656
1056308,60943,46630,900.0,6,IC5267,344.30242,-43.39788,179.86790466308594
1056308,60943,46631,900.0,7,IC5267,344.31068,-43.39788,179.83560180664062
1056308,60943,46632,900.0,8,IC5267,344.30651,-43.39959,179.82699584960938
1056258,60943,46653,900.0,0,NGC55,3.45298,-38.83178,180.09620666503906
1056597,60944,46683,900.0,0,NGC7314,338.94251,-26.0504,179.939697265625
1056597,60944,46684,900.0,1,NGC7314,338.94585,-26.0556,179.89610290527344
1056597,60944,46685,900.0,2,NGC7314,338.93914,-26.05561,179.8852996826172
1056254,60944,46686,900.0,0,NGC55,3.99647,-39.56091,179.7279052734375
1056254,60944,46687,900.0,1,NGC55,4.00039,-39.5661,179.69129943847656
1056254,60944,46688,900.0,2,NGC55,3.9926,-39.56613,179.6750946044922
1056254,60944,46689,900.0,3,NGC55,3.99646,-39.55746,179.66160583496094
1056254,60944,46690,900.0,4,NGC55,3.99256,-39.5592,179.64320373535156
1056254,60944,46691,900.0,5,NGC55,4.00037,-39.55913,179.6175994873047
1056254,60944,46692,900.0,6,NGC55,3.99261,-39.56266,179.61399841308594
1056254,60945,46720,900.0,8,NGC55,3.99649,-39.56435,179.77650451660156
1056600,60945,46721,900.0,1,NGC7410,343.75785,-39.66657,179.88760375976562
1056600,60945,46722,900.0,2,NGC7410,343.75003,-39.66656,179.87930297851562
1056600,60945,46723,900.0,3,NGC7410,343.7539,-39.65789,179.86410522460938
1056600,60945,46724,900.0,4,NGC7410,343.75003,-39.65959,179.8509063720703
1056600,60945,46725,900.0,5,NGC7410,343.75781,-39.65959,179.83099365234375
1056600,60945,46726,900.0,6,NGC7410,343.75003,-39.66308,179.84030151367188
1056600,60945,46727,900.0,7,NGC7410,343.75784,-39.66308,179.81080627441406
1056600,60945,46728,900.0,8,NGC7410,343.75393,-39.6648,179.8083953857422
1056254,60965,47738,900.0,7,NGC55,4.00039,-39.56263,179.75210571289062
1056655,60965,47739,900.0,2,PGC66239,317.49813,-37.50927,179.89999389648438
1056655,60965,47740,900.0,3,PGC66239,317.50189,-37.50055,179.90260314941406
1056655,60965,47741,900.0,4,PGC66239,317.4981,-37.50226,179.91229248046875
1056600,60965,47742,900.0,0,NGC7410,343.75392,-39.66134,179.90859985351562
1056590,60965,47743,900.0,2,NGC6822,296.23727,-14.80833,179.95809936523438
1056590,60965,47744,900.0,3,NGC6822,296.24043,-14.79961,180.00770568847656
1056590,60965,47745,900.0,4,NGC6822,296.23731,-14.80135,180.01170349121094
